TT1,TT2,TT3,TT4,TT5,TT6,TT7,TT8,TT9,TT10,TT11,TT12,TT13_1,TT13_2,TT13_3,TT13_4,TT13_5,TT13_6,TT13_7,TT13_8,TT14_1,TT14_2,TT14_3,TT14_4,TT15,TT16,TT17,TT18
12,0.444166666666667,10,24.8597222222222,0.0732443153248785,0.0838819022934554,,,0,0.1,0.0877049180327867,,101,441,701,801,1101,1221,1621,1941,142,342,482,782,0,0,0,
12,0.166944444444444,9,21.0027777777778,0.0276418463166248,0.0142244438273319,,,0,0.222222222222222,0.0382428940568475,,221,401,721,1101,1341,1661,2021,2301,382,562,682,922,0,0,0,
12,0.438055555555556,9,21.4816666666667,0.111138567986656,0.112567937477683,,,0,0,0,,361,661,921,1141,1501,1621,1961,2281,181,441,561,881,0,0,0,
12,0.335555555555556,11,26.9958333333333,0.0374028913927046,0.0402897343330558,,,0,0,0,,241,381,701,801,941,1081,1421,1741,121,441,601,761,0,0,0,
12,0.32,10,22.7742424242424,0.100119260584377,0.0846639822271585,,,0,0.1,0.0161490683229814,,181,581,841,1061,1161,1341,1701,1861,341,721,981,1181,0,0,0,
12,0.200277777777778,9,22.6378787878788,0.0255266418835192,0.0188446331045608,,,0,0,0,,381,501,801,1141,1521,1921,2241,2401,361,581,681,941,0,0,0,
12,0.1175,9,20.4791666666667,0.00244150559511699,0.00309437854564208,,,0,0,0,,101,461,841,1121,1401,1701,1981,2221,362,482,702,842,0,0,0,
12,0.134444444444444,9,20.7736111111111,0.00795614093735375,0.0103397204480237,,,0,0,0,,261,381,781,921,1321,1541,1801,2061,401,561,861,1241,0,0,0,
12,0.312222222222222,9,21.535,0.0626747002919436,0.0759279829676944,,,0,0,0,,261,581,881,1161,1501,1621,2001,2401,281,601,981,1141,0,0,0,
12,0.301944444444444,10,21.8791666666667,0.0681774900019044,0.0877106447503556,,,0,0.1,0.00555555555555556,,162,502,802,1102,1202,1402,1582,1682,141,381,741,1141,0,0,0,
12,0.140833333333333,9,20.5416666666667,0.0114266396213658,0.00836187478786758,,,0,0.111111111111111,0.00845410628019324,,121,361,681,921,1321,1561,1821,2201,362,542,862,1062,0,0,0,
12,0.420833333333333,9,21.85,0.08839393362523,0.109604805543434,,,0,0,0,,402,802,1202,1362,1602,1722,1922,2262,242,422,622,882,0,0,0,
12,0.142777777777778,8,20.5766666666667,0.018298577544538,0.0195983919810634,,,0,0.125,0.0139508928571429,,362,562,862,1222,1622,2022,2422,2642,221,381,741,961,0,0,0,
12,0.474444444444444,9,23.4727272727273,0.0978609625668449,0.107607675116701,,,0,0.111111111111111,0.0347222222222221,,262,522,662,922,1262,1622,1962,2262,302,642,742,962,0,0,0,
12,0.317777777777778,9,21.6575757575758,0.0584580268830839,0.0829068644953124,,,0,0,0,,142,462,742,1082,1202,1482,1862,2122,282,442,702,862,0,0,0,
12,0.408055555555556,10,22.36,0.0766749660479855,0.0886574716899622,,,0,0.1,0.0142857142857143,,282,622,902,1162,1322,1522,1622,1942,202,322,582,702,0,0,0,
12,0.413333333333333,9,22.9530303030303,0.1109590671109,0.0942177657881634,,,0,0.222222222222222,0.108194808982211,,101,201,501,741,1081,1401,1801,1941,162,462,862,1002,0,0,0,
12,0.446111111111111,9,22.7212121212121,0.0910328499556082,0.0893825789132648,,,0,0.111111111111111,0.0351787773933102,,301,461,821,941,1201,1561,1701,2041,201,421,621,841,0,0,0,
12,0.257777777777778,10,21.25,0.0379901960784314,0.0606991884970224,,,0,0,0,,381,501,881,1141,1441,1541,1881,2121,362,542,802,1202,0,0,0,
12,0.431666666666667,11,22.8560606060606,0.122525258424342,0.140931090570081,,,0,0,0,,102,282,622,902,1142,1262,1442,1562,301,581,881,981,0,0,0,
12,0.315833333333333,9,21.4902777777778,0.0578426937245524,0.077097631610267,,,0,0,0,,102,422,822,1162,1342,1442,1762,2002,321,461,761,961,0,0,0,
12,0.377777777777778,10,22.6883333333333,0.106620963377233,0.0986653839541926,,,0.1,0.1,0.1,,382,482,862,1142,1342,1622,2022,2162,221,341,621,721,0,0,0,
12,0.394444444444444,10,23.1819444444444,0.0648253549817267,0.0718808267544733,,,0,0,0,,341,541,801,981,1381,1501,1721,1901,241,401,681,1061,0,0,0,
12,0.245555555555556,10,21.2277777777778,0.0417429992148652,0.0410299387736212,,,0,0,0,,281,581,821,1101,1201,1381,1641,1961,202,542,942,1322,0,0,0,
12,0.514722222222222,10,25.0875,0.104301611028068,0.0918025416220356,,,0,0.2,0.0905362776025237,,202,362,542,722,1042,1202,1502,1762,382,722,962,1262,0,0,0,
12,0.560833333333333,11,23.2733333333333,0.0937603351339433,0.101214058705033,,,0,0,0,,241,601,941,1061,1161,1281,1441,1581,101,281,661,901,0,0,0,
12,0.248888888888889,11,25.9152777777778,0.0158636582882255,0.0115411063064493,,,0,0,0,,121,461,561,781,901,1201,1481,1681,401,581,701,861,0,0,0,
12,0.406944444444444,10,25.2541666666667,0.064180828246164,0.0513072867766011,,,0,0.3,0.114803625377644,,181,321,581,681,881,1241,1561,1941,261,581,741,881,0,0,0,
12,0.464166666666667,10,24.725,0.0824626446466689,0.0764678462331892,,,0,0.2,0.0594080338266387,,262,382,562,862,1102,1222,1602,2002,342,462,662,902,0,0,0,
12,0.34,10,24.1472222222222,0.0407224203382032,0.0429001203369436,,,0,0.1,0.0284518828451883,,221,381,701,901,1201,1441,1581,1821,401,521,861,1061,0,0,0,
12,0.420555555555556,11,23.8833333333333,0.0811235170969993,0.0921703847696627,,,0,0,0,,402,642,742,922,1202,1482,1582,1942,382,642,902,1302,0,0,0,
12,0.353888888888889,9,21.4621212121212,0.069960703472267,0.0966382794902649,,,0,0.111111111111111,0.0265339966832504,,362,682,1022,1302,1422,1742,1982,2242,361,701,841,1001,0,0,0,
12,0.210833333333333,8,21.3712121212121,0.0280189423835833,0.0322678224302773,,,0,0.125,0.00184426229508197,,261,661,1041,1221,1521,1921,2321,2501,382,622,782,962,0,0,0,
12,0.283611111111111,9,21.8712121212121,0.0475947102791797,0.0601910624473802,,,0.111111111111111,0.111111111111111,0.111111111111111,,402,682,1062,1422,1562,1962,2102,2382,302,542,662,782,0,0,0,
12,0.353888888888889,10,24.7541666666667,0.0524041968243281,0.0665824748857243,,,0,0.1,0.0516129032258064,,301,421,701,1021,1161,1461,1821,2001,382,582,962,1062,0,0,0,
12,0.265277777777778,10,23.3727272727273,0.051267113311972,0.0380125890956217,,,0,0.2,0.0229508196721312,,401,781,961,1241,1461,1621,1761,1861,161,561,781,941,0,0,0,
12,0.200833333333333,8,20.7651515151515,0.0281943611277744,0.0442932518744792,,,0,0,0,,322,662,922,1282,1602,1762,2082,2302,181,361,581,741,0,0,0,
12,0.255,9,23.1222222222222,0.073582412301778,0.0615635868343452,,,0,0,0,,221,401,721,1021,1301,1521,1681,1841,121,321,701,961,0,0,0,
12,0.113055555555556,9,20.5194444444444,0,0,,,0,0,0,,122,402,742,982,1282,1542,1862,2202,361,621,841,1121,0,0,0,
12,0.436111111111111,10,22.7075757575758,0.0806647997077803,0.100082318403618,,,0,0.1,0.0354838709677419,,401,661,1001,1141,1281,1581,1941,2161,281,461,661,981,0,0,0,
12,0.394166666666667,9,23.4316666666667,0.0911040278180238,0.0884017005858168,,,0,0.111111111111111,0.0685446009389669,,222,422,562,842,1242,1562,1922,2082,342,562,822,1102,0,0,0,
12,0.235555555555556,8,20.6787878787879,0.0392340028024288,0.0553040821993891,,,0,0,0,,181,561,961,1221,1561,1741,1941,2261,121,381,501,741,0,0,0,
12,0.358333333333333,9,22.1848484848485,0.079831668865021,0.0970794047508849,,,0,0.111111111111111,0.0249932083672914,,321,721,1101,1201,1321,1681,1941,2321,381,481,841,1101,0,0,0,
12,0.3025,10,21.6763888888889,0.065996027423592,0.0792830915574596,,,0,0,0,,161,321,681,981,1081,1261,1561,1901,222,422,802,1142,0,0,0,
12,0.518055555555556,11,25.7424242424242,0.132398346328955,0.124882808727572,,,0,0.0909090909090909,0.0429199053734371,,201,321,621,781,1001,1221,1381,1481,221,401,541,741,0,0,0,
12,0.533888888888889,10,24.8611111111111,0.0953072625698324,0.0904249480964277,,,0,0.1,0.0624521072796933,,161,301,601,801,1181,1281,1501,1781,222,582,782,1142,0,0,0,
12,0.145555555555556,9,20.6530303030303,0.0129843643779742,0.00789595482736276,,,0,0.111111111111111,0.0878787878787877,,321,721,1081,1281,1541,1781,2141,2521,402,662,862,1222,0,0,0,
12,0.183611111111111,9,21.5069444444444,0.027252179528576,0.0182674124912392,,,0,0.111111111111111,0.0252438324727481,,182,562,742,982,1082,1442,1822,1962,221,361,681,901,0,0,0,
12,0.2775,9,22.4097222222222,0.0429501084598699,0.052131021806112,,,0,0,0,,182,422,582,922,1222,1542,1742,2082,162,502,602,942,0,0,0,
12,0.391388888888889,10,23.0866666666667,0.0660573808422027,0.0592274853105182,,,0,0,0,,402,762,1102,1202,1482,1622,1942,2142,342,742,842,1162,0,0,0,
12,0.243055555555556,10,22.4611111111111,0.0270220133564185,0.0366641982165448,,,0,0,0,,182,482,742,902,1262,1562,1662,1962,281,681,1021,1281,0,0,0,
12,0.354444444444444,10,21.7060606060606,0.0739686155403695,0.0869050925007611,,,0,0,0,,402,722,1002,1122,1422,1542,1942,2122,101,201,421,741,0,0,0,
12,0.419166666666667,10,25.2916666666667,0.0700713893465129,0.0793983593622588,,,0,0.1,0.0358620689655172,,141,481,581,701,821,1201,1481,1781,122,322,502,802,0,0,0,
12,0.346944444444444,9,22.7527777777778,0.101391771456477,0.104821412041628,,,0,0.111111111111111,0.00628930817610063,,121,461,781,941,1261,1481,1741,1861,241,541,821,1121,0,0,0,
12,0.400277777777778,10,24.9166666666667,0.0528428093645485,0.0543105310253328,,,0,0.2,0.103921568627451,,141,261,601,781,1161,1361,1641,1861,342,662,822,942,0,0,0,
12,0.184444444444444,10,21.3236111111111,0.027551618576174,0.031550429113606,,,0,0,0,,161,301,641,1041,1281,1401,1781,2041,181,461,781,961,0,0,0,
12,0.324166666666667,10,22.3652777777778,0.0565733093212445,0.0515171050369607,,,0,0,0,,102,502,662,762,1162,1462,1602,1982,322,562,942,1322,0,0,0,
12,0.318333333333333,10,22.5597222222222,0.0465431262697778,0.0556445960778091,,,0,0,0,,182,462,702,962,1062,1402,1602,1782,302,642,962,1142,0,0,0,
12,0.270833333333333,9,21.1257575757576,0.0376116289681246,0.0545404054429324,,,0,0,0,,282,622,882,1222,1602,1782,1902,2202,321,441,561,681,0,0,0,
12,0.335277777777778,10,23.3969696969697,0.0458710407239819,0.0465646667812733,,,0,0,0,,202,602,802,1202,1362,1482,1782,1922,362,702,1062,1222,0,0,0,
12,0.318055555555556,12,24.9527777777778,0.0748636313035734,0.0620567258653901,,,0,0,0,,222,362,582,722,822,1062,1162,1262,142,342,662,782,0,0,0,
12,0.248055555555556,9,21.6555555555556,0.0390584915341201,0.045249335502043,,,0,0,0,,262,442,822,1022,1322,1662,1922,2262,102,442,782,1082,0,0,0,
12,0.334166666666667,10,23.675,0.0614220344948962,0.076185958045164,,,0,0,0,,201,541,681,861,1181,1361,1541,1881,341,561,681,921,0,0,0,
12,0.429166666666667,10,24.8708333333333,0.073490813648294,0.0826146176326683,,,0,0.2,0.0464285714285714,,382,502,782,962,1062,1382,1722,1942,321,621,841,1081,0,0,0,
12,0.373611111111111,10,24.5969696969697,0.0572297639835521,0.0631235591524403,,,0,0.1,0.0456790123456789,,301,601,781,881,1201,1581,1681,2081,401,721,901,1201,0,0,0,
12,0.426388888888889,10,23.2680555555556,0.115262937981257,0.122164257723826,,,0,0,0,,361,461,761,1101,1301,1481,1741,1901,141,461,621,1001,0,0,0,
12,0.408888888888889,11,25.6277777777778,0.0535985259050509,0.0356460727399357,,,0,0.0909090909090909,0.037037037037037,,242,442,582,902,1082,1202,1322,1622,102,502,842,982,0,0,0,
12,0.337777777777778,10,23.0680555555556,0.0482870732735264,0.0497659380330861,,,0,0,0,,121,301,661,881,981,1201,1501,1861,301,641,781,1101,0,0,0,
12,0.301666666666667,9,24.3439393939394,0.068089951608312,0.0636708057285675,,,0,0,0,,302,662,882,982,1322,1682,1962,2102,302,502,722,902,0,0,0,
12,0.279166666666667,9,21.2863636363636,0.0576811031268207,0.0592646222610119,,,0,0.111111111111111,0.00917431192660551,,202,602,882,1202,1382,1782,2042,2202,362,542,762,922,0,0,0,
12,0.276666666666667,8,20.695,0.0497455039022735,0.0543532881078005,,,0,0,0,,401,781,1161,1541,1881,2081,2281,2601,362,742,902,1162,0,0,0,
12,0.440555555555556,11,25.5708333333333,0.0994514149149965,0.0715735528009896,,,0,0.181818181818182,0.0931263858093126,,202,322,422,662,902,1242,1362,1742,342,602,722,1082,0,0,0,
12,0.279444444444444,10,22.4958333333333,0.0457492128171884,0.0554502056307112,,,0,0.1,0.0166666666666667,,102,342,622,742,1082,1362,1542,1842,142,482,782,1162,0,0,0,
12,0.310555555555556,10,22.2194444444444,0.0609451181397675,0.0848686211502095,,,0,0.1,0.00486111111111111,,142,382,722,922,1122,1342,1522,1882,182,382,702,842,0,0,0,
12,0.503055555555556,11,22.565,0.0959530394536321,0.101885058383253,,,0,0,0,,161,361,761,1101,1221,1361,1461,1561,262,422,682,1082,0,0,0,
12,0.606388888888889,10,24.1683333333333,0.231365861708565,0.224298365092588,,,0,0.2,0.101754385964912,,301,481,681,961,1361,1461,1701,1821,281,641,941,1301,0,0,0,
12,0.414166666666667,10,23.6816666666667,0.108299767402281,0.138678850231198,,,0,0,0,,301,641,801,1021,1141,1541,1841,1941,341,521,701,841,0,0,0,
12,0.398611111111111,10,24.6636363636364,0.0634062965209241,0.0637007797657628,,,0,0.2,0.106451612903226,,241,421,681,921,1201,1481,1601,1741,161,381,701,841,0,0,0,
12,0.463888888888889,9,22.5472222222222,0.106196870765061,0.113988067688429,,,0,0.111111111111111,0.0182421227197346,,282,402,722,1082,1322,1662,1882,2242,261,441,681,861,0,0,0,
12,0.375,10,22.5590909090909,0.0676888334224758,0.0620954055972117,,,0,0.1,0.00909090909090909,,362,622,882,1022,1382,1542,1662,2002,221,521,701,1061,0,0,0,
12,0.428055555555556,10,22.6893939393939,0.124357595314928,0.132823003310369,,,0,0.1,0.0291866028708134,,281,581,681,941,1281,1421,1701,1841,341,581,901,1021,0,0,0,
12,0.412777777777778,12,29.0733333333333,0.0458235612484214,0.0372696096522813,,,0,0,0,,402,582,702,802,922,1202,1362,1542,382,582,702,922,0,0,0,
12,0.366388888888889,11,26.3888888888889,0.0422631578947368,0.0479039111710592,,,0,0,0,,301,441,601,721,941,1041,1281,1661,102,442,642,1042,0,0,0,
12,0.247222222222222,9,20.9954545454545,0.0420991177996886,0.0531426455614181,,,0,0,0,,381,701,1021,1241,1521,1881,2041,2261,381,501,741,961,0,0,0,
12,0.3775,11,24.9833333333333,0.0736602179230598,0.0669213157480307,,,0.0909090909090909,0.181818181818182,0.166453265044814,,222,342,522,862,1162,1342,1562,1682,341,521,661,921,0,0,0,
12,0.531388888888889,10,24.76,0.147184344748621,0.180623768529907,,,0,0.1,0.00380434782608696,,141,401,781,1061,1181,1341,1501,1801,262,622,722,842,0,0,0,
12,0.344444444444444,9,24.6819444444444,0.0516009228518373,0.0856402322106292,,,0,0,0,,202,602,722,842,1182,1562,1862,2122,322,522,722,1062,0,0,0,
12,0.192222222222222,8,20.23,0.0276082130965594,0.0410904378413404,,,0,0,0,,401,801,1201,1581,1801,2181,2361,2561,341,481,741,1141,0,0,0,
12,0.303055555555556,9,21.4606060606061,0.0447282294808445,0.0625884344295896,,,0,0,0,,261,501,861,1141,1521,1621,2001,2181,182,442,562,662,0,0,0,
12,0.308888888888889,10,22.9444444444444,0.0518765133171913,0.0654524977629668,,,0,0.1,0.0606666666666666,,341,541,901,1001,1241,1441,1641,1981,182,362,522,822,0,0,0,
12,0.306944444444444,9,22.2984848484849,0.112816764132554,0.106731926316764,,,0,0.111111111111111,0.0576576576576575,,201,561,761,921,1241,1481,1781,1901,182,362,462,642,0,0,0,
12,0.113055555555556,8,20.3966666666667,0.00395998332638599,0.0030824770896973,,,0,0,0,,382,722,1022,1402,1722,2062,2382,2662,362,602,762,1122,0,0,0,
12,0.184444444444444,9,20.9333333333333,0.0214304670912951,0.028499358643763,,,0,0,0,,122,402,702,1082,1442,1562,1882,2222,241,481,821,1221,0,0,0,
12,0.324722222222222,10,24.0722222222222,0.0556773597969075,0.0825008926091958,,,0,0,0,,122,422,622,742,1042,1422,1662,2002,221,361,541,921,0,0,0,
12,0.119166666666667,8,20.3530303030303,0.00679385122152072,0.00597519207627511,,,0,0,0,,401,781,1161,1341,1721,2081,2321,2461,402,602,822,1182,0,0,0,
12,0.11,8,20.2166666666667,0.00102445021171971,0.00120336943441637,,,0,0,0,,101,441,801,1201,1481,1741,2141,2301,361,581,801,1201,0,0,0,
12,0.163055555555556,8,20.7181818181818,0.0177319309600863,0.0105972547308287,,,0,0.125,0.00183823529411765,,102,362,742,1062,1382,1682,2042,2442,202,522,622,902,0,0,0,
12,0.0986111111111111,9,20.2569444444444,0.00143983544737744,0.00073667808324848,,,0,0.111111111111111,0.00960219478737997,,181,421,661,901,1261,1601,1761,2161,342,742,1102,1442,0,0,0,
12,0.273888888888889,8,21.3277777777778,0.040440218806981,0.0423956308432842,,,0,0.125,0.0913140311804009,,101,481,881,1121,1421,1801,1901,2221,181,361,561,721,0,0,0,
12,0.391666666666667,10,23.1625,0.0896444204593152,0.0869290056113162,,,0,0.3,0.0407228915662651,,181,441,681,901,1121,1221,1461,1841,302,482,642,1042,0,0,0,
12,0.4025,10,22.6333333333333,0.0844378988708886,0.109572958128915,,,0,0,0,,242,502,762,962,1102,1482,1682,1922,201,461,661,901,0,0,0,
12,0.247222222222222,9,21.5347222222222,0.0350209609803289,0.0380506076354451,,,0,0,0,,362,622,882,1162,1482,1662,1982,2342,362,562,762,982,0,0,0,
12,0.328055555555556,10,24.2111111111111,0.057251032583754,0.0509169631010789,,,0,0.1,0.0472527472527472,,361,521,621,961,1161,1421,1781,2181,162,422,622,882,0,0,0,
12,0.404166666666667,10,22.2402777777778,0.091363267345282,0.104651926493082,,,0,0.1,0.0149253731343284,,361,501,761,941,1221,1501,1721,2041,101,241,641,981,0,0,0,
12,0.305277777777778,9,22.5363636363636,0.0651071886642643,0.0594461194641707,,,0,0,0,,241,641,861,1241,1361,1701,1861,2101,221,601,861,1241,0,0,0,
12,0.311666666666667,10,25.5458333333333,0.0390909585168271,0.0444876423215775,,,0,0,0,,321,601,801,941,1301,1501,1841,2021,161,501,641,741,0,0,0,
12,0.429722222222222,10,23.3277777777778,0.0959156942129078,0.112248140948502,,,0,0.1,0.0492957746478873,,361,721,821,941,1221,1461,1721,2061,201,401,741,1141,0,0,0,
12,0.42,10,22.2875,0.091605907646289,0.0986808117674544,,,0,0,0,,221,501,621,801,1141,1261,1501,1821,141,501,801,1181,0,0,0,
12,0.304444444444444,10,23.8383333333333,0.085972850678733,0.085796604117904,,,0,0,0,,402,562,842,1042,1362,1582,1942,2102,342,562,682,1022,0,0,0,
12,0.3325,9,20.9216666666667,0.0902568701556595,0.10668332870499,,,0,0.111111111111111,0.0140350877192982,,281,601,981,1261,1381,1621,2021,2121,202,302,502,742,0,0,0,
12,0.3625,10,21.9954545454545,0.0740810556079171,0.0963960628220562,,,0,0,0,,402,802,1042,1142,1322,1602,1982,2202,261,361,501,861,0,0,0,
12,0.210277777777778,9,20.7651515151515,0.0312520691253393,0.0534573729519578,,,0,0,0,,342,502,902,1282,1642,1862,1982,2202,401,781,1101,1501,0,0,0,
12,0.301388888888889,9,22.3227272727273,0.0579764588029051,0.0593585115245769,,,0,0,0,,201,541,881,981,1241,1621,2001,2361,122,302,522,922,0,0,0,
12,0.343611111111111,9,23.6816666666667,0.0882780263846109,0.0852625813817145,,,0,0.111111111111111,0.0122605363984674,,301,541,661,981,1301,1621,2021,2181,202,462,682,822,0,0,0,
12,0.323055555555556,10,22.9958333333333,0.0473515733526605,0.0541076552809405,,,0,0.1,0.0578512396694214,,121,501,661,881,1141,1241,1501,1821,282,682,1082,1262,0,0,0,
12,0.315,10,24.1833333333333,0.0461750516884907,0.0391297831731045,,,0,0,0,,202,362,542,742,962,1322,1622,1742,162,322,482,842,0,0,0,
12,0.268611111111111,9,21.9075757575758,0.053935860058309,0.0634552571375676,,,0,0,0,,401,741,961,1181,1581,1901,2041,2281,121,401,541,841,0,0,0,
12,0.304166666666667,9,21.6444444444444,0.0506930184804928,0.0636485455980044,,,0,0.111111111111111,0.00232693426410704,,242,542,822,1062,1222,1542,1642,1842,121,301,501,761,0,0,0,
12,0.189722222222222,9,21.0363636363636,0.0379531474937835,0.0365110220705889,,,0,0,0,,382,722,1002,1322,1462,1742,2062,2202,281,401,501,861,0,0,0,
12,0.415833333333333,9,23.3818181818182,0.0832047477744807,0.0990882162362316,,,0,0.222222222222222,0.0578703703703702,,402,542,822,1202,1382,1722,1962,2182,281,381,661,781,0,0,0,
12,0.384722222222222,10,23.4583333333333,0.0513913558318532,0.0709957110679132,,,0,0,0,,261,481,601,941,1121,1441,1741,1921,202,502,782,1162,0,0,0,
12,0.216666666666667,8,20.969696969697,0.0435825929048576,0.0603192234961188,,,0,0,0,,241,601,841,1161,1561,1701,1921,2021,182,402,522,682,0,0,0,
12,0.360555555555556,10,22.3972222222222,0.0804291206746868,0.0989837479007155,,,0,0,0,,361,641,901,1021,1201,1541,1821,2121,401,521,841,1081,0,0,0,
12,0.288055555555556,10,23.1305555555556,0.0423922180857452,0.0420130210743932,,,0,0,0,,242,342,522,902,1022,1222,1542,1902,321,661,921,1261,0,0,0,
12,0.286388888888889,10,22.3878787878788,0.0775893619616933,0.0670688917981337,,,0,0.1,0.0983870967741935,,402,682,1042,1162,1382,1582,1882,1982,302,522,882,1122,0,0,0,
12,0.300833333333333,9,22.4347222222222,0.0455023834581811,0.0376436439613336,,,0,0.222222222222222,0.123762376237623,,181,341,521,901,1241,1441,1841,2221,361,681,1021,1321,0,0,0,
12,0.255555555555556,10,25.9416666666667,0.0154192097654995,0.011489863926687,,,0,0,0,,321,441,841,1001,1301,1481,1681,1861,281,581,861,1001,0,0,0,
12,0.351111111111111,10,22.6909090909091,0.0869964491245255,0.0909866306978218,,,0,0,0,,322,522,902,1102,1382,1522,1902,2242,322,482,622,922,0,0,0,
12,0.315,11,22.925,0.0487701441899915,0.0563430352239014,,,0,0,0,,242,462,562,842,942,1242,1462,1862,382,602,842,1042,0,0,0,
12,0.379722222222222,11,24.6638888888889,0.0529902015992792,0.0459855727906273,,,0,0,0,,102,262,402,742,962,1242,1342,1602,141,521,701,981,0,0,0,
12,0.414722222222222,10,22.9530303030303,0.0948400288669714,0.114099919334577,,,0,0,0,,361,501,841,941,1261,1401,1761,2121,182,362,642,922,0,0,0,
12,0.303055555555556,9,20.9166666666667,0.0703575547866205,0.0681662501157087,,,0,0,0,,202,542,882,1242,1422,1722,1882,2262,222,602,882,1242,0,0,0,
12,0.445277777777778,10,22.6708333333333,0.110702689456595,0.130498803242487,,,0,0,0,,302,442,822,1102,1282,1522,1742,2002,201,321,581,761,0,0,0,
12,0.449444444444444,10,24.2861111111111,0.0871554386366236,0.0984759524470715,,,0,0.1,0.00377358490566038,,221,361,681,861,1121,1461,1701,2021,402,682,802,1002,0,0,0,
12,0.238888888888889,9,21.2621212121212,0.0409798978734406,0.0283565411724257,,,0,0.111111111111111,0.0196078431372549,,202,522,862,1022,1422,1602,2002,2162,181,561,741,1141,0,0,0,
12,0.375277777777778,9,23.0791666666667,0.0790154660889451,0.0848517607542884,,,0,0.111111111111111,0.0020639834881321,,181,361,741,941,1241,1461,1681,1801,102,242,362,702,0,0,0,
12,0.439722222222222,10,24.025,0.07012371372413,0.0823621524885068,,,0,0.1,0.0210526315789474,,202,382,602,782,962,1282,1682,1862,262,422,562,822,0,0,0,
12,0.363333333333333,9,22.8348484848485,0.0664838513101767,0.0872317213472451,,,0,0,0,,321,461,781,1141,1321,1701,1941,2261,121,401,561,761,0,0,0,
12,0.2925,9,21.6966666666667,0.0428815420275711,0.0378595231483319,,,0,0,0,,322,562,962,1222,1602,1722,1822,2002,302,582,942,1142,0,0,0,
12,0.338333333333333,10,22.0180555555556,0.0650350091465338,0.064680996901214,,,0,0,0,,341,481,641,981,1341,1441,1801,2181,262,662,922,1182,0,0,0,
12,0.225555555555556,11,21.9291666666667,0.0340743555640002,0.0214331697183685,,,0,0.0909090909090909,0.0854816824966078,,141,421,601,821,1181,1281,1441,1541,141,261,621,1021,0,0,0,
12,0.306111111111111,10,23.4375,0.0449777777777778,0.0538152982196304,,,0,0,0,,181,561,661,761,1101,1381,1761,1981,161,521,881,1101,0,0,0,
12,0.202777777777778,8,20.9454545454545,0.0237716858694213,0.016234247100673,,,0,0.125,0.0387537993920973,,142,502,862,1242,1542,1902,2162,2322,262,362,502,702,0,0,0,
12,0.370833333333333,10,24.0916666666667,0.0624058892420947,0.0655851769570181,,,0,0,0,,302,442,582,962,1062,1422,1802,1922,321,601,901,1021,0,0,0,
12,0.361111111111111,11,26.1819444444444,0.0474245398122116,0.0429620519873231,,,0,0,0,,181,321,461,741,861,1241,1361,1701,282,402,682,862,0,0,0,
12,0.250555555555556,9,21.7924242424242,0.0735827806282067,0.0679676721192967,,,0,0.111111111111111,0.0175565175565175,,361,581,941,1301,1421,1681,1841,2001,322,602,902,1122,0,0,0,
12,0.365555555555556,9,23.1257575757576,0.0684988922818993,0.0704103357532965,,,0,0,0,,302,702,1002,1242,1402,1722,1922,2162,201,441,801,961,0,0,0,
12,0.143888888888889,8,20.9319444444444,0.0114789994028266,0.00917106359344625,,,0,0.125,0.00253623188405797,,102,342,722,1022,1422,1742,1862,2002,301,581,841,1101,0,0,0,
12,0.4275,10,24.1388888888889,0.0650747986191024,0.0860113813182406,,,0.1,0.1,0.0999999999999999,,162,262,602,822,1082,1342,1702,1922,301,501,821,1101,0,0,0,
12,0.340277777777778,10,22.7527777777778,0.0954095958979368,0.0830295156107428,,,0,0,0,,341,561,961,1161,1361,1561,1661,1781,262,382,702,1042,0,0,0,
12,0.153055555555556,8,20.8924242424242,0.0127107305325127,0.0199481625474405,,,0,0,0,,361,601,881,1261,1641,1981,2201,2441,121,381,481,761,0,0,0,
12,0.368055555555556,10,23.0930555555556,0.0643531605220425,0.0769871023481133,,,0,0,0,,261,541,761,1101,1241,1381,1701,1921,141,421,521,761,0,0,0,
12,0.524722222222222,10,24.0909090909091,0.110133864365527,0.117225263705409,,,0,0.2,0.0442211055276381,,162,262,662,1062,1222,1322,1422,1802,382,682,782,1062,0,0,0,
12,0.548055555555556,11,25.0347222222222,0.108016643550624,0.143496695843267,,,0,0.0909090909090909,0.00427089688834655,,202,342,462,562,802,1182,1302,1582,122,242,482,842,0,0,0,
12,0.470555555555556,11,27.0611111111111,0.0760110860192979,0.054357676018325,,,0,0.0909090909090909,0.0379384395132426,,121,301,461,681,821,1081,1241,1601,321,621,961,1101,0,0,0,
12,0.323333333333333,10,23.2277777777778,0.0578210954317149,0.0710761560942067,,,0,0,0,,142,302,422,822,1142,1402,1662,2042,282,422,602,862,0,0,0,
12,0.320277777777778,10,21.7291666666667,0.0641738574624481,0.0748382283580838,,,0,0.1,0.0196506550218341,,262,362,482,882,1162,1362,1562,1902,182,302,662,962,0,0,0,
12,0.373055555555556,9,23.230303030303,0.0726017062271487,0.09174799328229,,,0,0,0,,241,381,741,981,1341,1601,1701,2081,121,481,621,721,0,0,0,
12,0.297777777777778,11,23.0180555555556,0.070958788390756,0.0503405138784204,,,0,0,0,,262,402,562,842,1102,1322,1462,1602,341,581,841,1201,0,0,0,
12,0.3575,10,22.0212121212121,0.0848383292993235,0.101112235137507,,,0,0,0,,381,701,1001,1201,1521,1621,1901,2021,362,662,822,1142,0,0,0,
12,0.233888888888889,9,21.8527777777778,0.0305707385280285,0.0238332165227472,,,0,0.111111111111111,0.0460941290635613,,141,301,621,801,1161,1401,1761,2161,301,461,861,1261,0,0,0,
12,0.296388888888889,9,21.8583333333333,0.0494980302452662,0.0389684523258529,,,0,0.111111111111111,0.0575256107171,,222,422,622,962,1322,1622,1782,2122,161,561,841,1141,0,0,0,
12,0.329444444444444,10,22.1333333333333,0.0750502008032129,0.0961108686740455,,,0,0,0,,341,641,981,1201,1341,1461,1861,2121,141,541,741,1021,0,0,0,
12,0.393333333333333,10,26.8736111111111,0.0445501059486278,0.032620127565976,,,0,0.1,0.0108870967741936,,181,381,741,901,1261,1361,1581,1801,402,562,702,982,0,0,0,
12,0.452222222222222,9,22.7666666666667,0.122099187183414,0.105958662276351,,,0,0.222222222222222,0.0671641791044774,,381,701,881,1141,1301,1701,1861,2021,341,721,1061,1301,0,0,0,
12,0.320833333333333,10,24.9291666666667,0.0387765335116162,0.0326281720686055,,,0,0,0,,362,622,742,1042,1142,1242,1642,1922,302,582,722,1022,0,0,0,
12,0.554166666666667,9,24.205,0.156193403216069,0.143703468613214,,,0,0,0,,401,701,801,1001,1341,1681,1821,2121,161,281,521,821,0,0,0,
12,0.368888888888889,10,26.7638888888889,0.0439543331603529,0.0294981993537951,,,0,0.1,0.0642276422764229,,321,541,641,861,981,1361,1621,1841,321,421,761,861,0,0,0,
12,0.238333333333333,10,22.0361111111111,0.0246438926005294,0.0340006964555701,,,0,0,0,,142,462,602,962,1362,1462,1602,1802,142,482,682,1042,0,0,0,
12,0.468333333333333,10,26.9272727272727,0.0691881449850033,0.0735269744295015,,,0,0,0,,321,661,901,1041,1241,1541,1701,1921,382,702,822,982,0,0,0,
12,0.386944444444444,10,22.3361111111111,0.0743688595945778,0.0846878953377156,,,0,0.2,0.0380645161290322,,401,501,841,981,1281,1401,1701,1921,302,482,822,1002,0,0,0,
12,0.5125,10,23.7181818181818,0.124189755062238,0.107733301596117,,,0,0.2,0.0809302325581394,,241,441,641,901,1081,1321,1661,1821,341,741,1041,1181,0,0,0,
12,0.263055555555556,10,21.9194444444444,0.0373843619313142,0.0262657418794605,,,0,0.1,0.0159090909090909,,362,462,642,1002,1262,1582,1802,2182,401,641,1021,1201,0,0,0,
12,0.394444444444444,9,23.7212121212121,0.10481733317967,0.126803401171633,,,0,0.111111111111111,0.01878612716763,,102,442,542,942,1042,1362,1742,1902,221,381,561,781,0,0,0,
12,0.371944444444444,9,23.65,0.061912920186684,0.0893594371933727,,,0,0,0,,182,542,662,982,1342,1662,2062,2282,382,482,642,782,0,0,0,
12,0.378333333333333,10,24.4819444444444,0.0713110569013445,0.0839010768613665,,,0,0.2,0.0246913580246913,,361,621,841,941,1281,1421,1721,2061,402,742,862,962,0,0,0,
12,0.342222222222222,8,21.6888888888889,0.0599385245901639,0.0502588566667989,,,0,0.125,0.0337264150943396,,102,242,502,862,1242,1642,2022,2242,401,541,881,1241,0,0,0,
12,0.373333333333333,10,24.7541666666667,0.0540313078606295,0.0597926942692289,,,0,0.1,0.0416267942583731,,381,581,721,1121,1221,1421,1641,1981,181,541,821,1001,0,0,0,
12,0.199722222222222,9,21.5277777777778,0.0178709677419355,0.0150685656100819,,,0,0,0,,202,602,822,1002,1322,1642,1962,2282,302,562,702,1082,0,0,0,
12,0.284166666666667,10,22.3611111111111,0.054472049689441,0.0655578476878114,,,0,0.1,0.00756578947368421,,162,402,542,902,1042,1282,1462,1822,201,541,701,881,0,0,0,
12,0.475,10,24.2694444444444,0.0963145244363054,0.0985498957520618,,,0,0,0,,182,402,702,942,1082,1402,1622,1962,141,461,641,741,0,0,0,
12,0.407222222222222,10,24.575,0.0701367695263931,0.0930602389988671,,,0,0,0,,382,622,722,982,1202,1542,1722,1982,242,522,682,902,0,0,0,
12,0.408055555555556,10,24.9515151515151,0.0989785328016606,0.0975389331887537,,,0,0.1,0.0136363636363636,,141,281,401,781,881,1261,1641,1761,341,541,841,1021,0,0,0,
12,0.406666666666667,9,23.5333333333333,0.111748016906954,0.0910819525440453,,,0,0.222222222222222,0.0380517503805174,,241,441,801,961,1321,1621,1741,1861,262,562,742,1102,0,0,0,
12,0.448333333333333,11,24.3515151515152,0.0696083838940982,0.077185369784649,,,0,0.0909090909090909,0.0889328063241106,,102,282,622,822,1042,1282,1402,1542,242,382,782,902,0,0,0,
12,0.356111111111111,10,22.9972222222222,0.0804444981277932,0.108234485129792,,,0,0,0,,361,621,741,1061,1241,1501,1761,2061,141,241,541,901,0,0,0,
12,0.149722222222222,9,20.8222222222222,0.0100720384204909,0.00881082415378444,,,0,0.111111111111111,0.00135089496791624,,302,502,822,1102,1322,1682,1922,2182,322,522,842,1022,0,0,0,
12,0.411666666666667,11,23.7319444444444,0.0805290571779716,0.0823204272662762,,,0.0909090909090909,0.181818181818182,0.0918003565062389,,281,481,581,841,961,1081,1421,1821,202,302,622,822,0,0,0,
12,0.180555555555556,9,21.3888888888889,0.0169480519480519,0.0132018002054104,,,0,0.111111111111111,0.0261437908496732,,102,222,602,922,1202,1502,1842,2182,162,502,702,1062,0,0,0,
12,0.341666666666667,10,22.669696969697,0.105996038653142,0.100952447071581,,,0,0.1,0.0221311475409836,,341,701,981,1121,1261,1461,1801,1901,141,281,381,761,0,0,0,
12,0.355,10,22.9236111111111,0.0685246894880339,0.0746310548657124,,,0.3,0.3,0.3,,181,441,601,981,1141,1541,1681,1881,241,421,621,881,0,0,0,
12,0.395555555555556,10,24.6347222222222,0.077803461690252,0.111496255449324,,,0,0.1,0.0112903225806452,,141,381,561,681,1061,1461,1561,1821,261,361,481,821,0,0,0,
12,0.466388888888889,10,24.405,0.106639166062768,0.109492402903954,,,0,0,0,,362,682,822,1062,1442,1602,1902,2302,242,402,582,762,0,0,0,
12,0.400277777777778,11,26.3208333333333,0.0975146430267532,0.0960095960998497,,,0,0,0,,262,562,802,902,1062,1382,1562,1662,242,562,882,1042,0,0,0,
12,0.455277777777778,10,23.8469696969697,0.117720020296555,0.119203990954894,,,0,0.2,0.0417670682730923,,322,542,702,1042,1342,1502,1602,1942,322,522,622,762,0,0,0,
12,0.221111111111111,10,21.0444444444444,0.0393347412882788,0.0468542688759297,,,0,0,0,,261,561,781,1081,1241,1501,1821,2061,202,462,822,1162,0,0,0,
12,0.371388888888889,9,23.280303030303,0.0659656954887218,0.0462835499839104,,,0,0.222222222222222,0.135228251507321,,101,221,441,681,1061,1461,1781,1941,321,641,981,1321,0,0,0,
12,0.519166666666667,9,25.1060606060606,0.11527875222624,0.139491124599429,,,0,0.111111111111111,0.0645645645645644,,101,301,401,741,1121,1501,1641,1941,101,201,361,621,0,0,0,
12,0.399166666666667,9,23.8924242424242,0.0596332895413263,0.0593383451686708,,,0,0,0,,342,522,762,1002,1402,1762,1862,2102,101,381,621,781,0,0,0,
12,0.438611111111111,11,25.1611111111111,0.0736917641863546,0.103706642334801,,,0,0,0,,222,522,742,922,1162,1362,1462,1762,242,642,782,902,0,0,0,
12,0.404166666666667,10,23.5513888888889,0.0751312142478033,0.0664242296011255,,,0,0.2,0.104824561403509,,102,302,482,782,1102,1302,1442,1662,242,602,902,1182,0,0,0,
12,0.117777777777778,9,20.8484848484849,0.00447215069792655,0.00359853744330279,,,0,0,0,,402,542,942,1202,1562,1942,2262,2602,401,521,801,921,0,0,0,
12,0.212222222222222,10,21.8791666666667,0.0269789881292452,0.0291836923605876,,,0,0,0,,241,541,821,1001,1341,1461,1861,2001,382,722,982,1162,0,0,0,
12,0.404444444444444,10,24.6194444444444,0.0595170935349205,0.0590135896995108,,,0,0,0,,361,541,721,1061,1361,1481,1701,1921,121,221,341,641,0,0,0,
12,0.203888888888889,9,21.2257575757576,0.0228882476390346,0.0250128932439402,,,0,0,0,,341,641,901,1201,1561,1681,1961,2361,121,321,421,561,0,0,0,
12,0.171944444444444,10,20.8083333333333,0.0253637698571619,0.0291821495792615,,,0,0,0,,301,521,921,1141,1261,1401,1721,2081,261,361,761,1061,0,0,0,
12,0.233611111111111,9,21.6069444444444,0.032461271453365,0.0262300375116261,,,0,0.111111111111111,0.0316330565440885,,161,261,601,921,1321,1521,1821,2201,381,561,841,1081,0,0,0,
12,0.403333333333333,10,24.2348484848485,0.111713423493909,0.0987579508337643,,,0,0.1,0.0125412541254125,,101,421,561,921,1041,1241,1541,1701,322,582,722,1062,0,0,0,
12,0.140555555555556,9,21.0863636363636,0.0138106731027085,0.00944843363615925,,,0,0,0,,361,661,881,1201,1601,1921,2221,2601,202,362,462,622,0,0,0,
12,0.434722222222222,11,25.6305555555556,0.0726671724287417,0.0564246323271601,,,0.0909090909090909,0.181818181818182,0.12220566318927,,381,501,701,861,1221,1381,1521,1801,342,662,1002,1382,0,0,0,
12,0.189722222222222,8,20.769696969697,0.0279515506455477,0.0285142354636939,,,0,0.125,0.0217495219885277,,282,502,822,1202,1542,1802,1902,2282,401,741,961,1281,0,0,0,
12,0.391666666666667,10,23.4430555555556,0.0848983944546478,0.0759935511740569,,,0,0.2,0.127450980392157,,322,502,742,1022,1322,1462,1822,1982,281,581,821,941,0,0,0,
12,0.368333333333333,10,24.9416666666667,0.0524000445483907,0.0604377972609022,,,0,0,0,,222,322,682,842,1122,1482,1702,1902,281,581,741,1101,0,0,0,
12,0.299166666666667,9,21.4722222222222,0.0713454075032341,0.0849618492217767,,,0,0,0,,102,422,722,1082,1282,1462,1722,2042,202,602,862,1162,0,0,0,
12,0.313888888888889,10,22.2861111111111,0.0630063567244173,0.0810165165760832,,,0,0,0,,301,581,841,1021,1261,1481,1741,2041,302,522,662,962,0,0,0,
12,0.331666666666667,9,21.275,0.100108121859696,0.0983764430515332,,,0,0,0,,281,661,1061,1241,1481,1701,2061,2181,102,402,562,702,0,0,0,
12,0.215277777777778,9,21.9681818181818,0.0460682585323165,0.0382332068252646,,,0,0.111111111111111,0.00255847953216374,,261,521,861,1061,1361,1601,1981,2101,301,581,801,901,0,0,0,
12,0.442222222222222,9,22.2712121212121,0.095795379139772,0.124930023846992,,,0,0.111111111111111,0.00235690235690236,,142,402,782,1042,1242,1562,1722,1922,401,741,1041,1201,0,0,0,
12,0.120833333333333,9,20.2606060606061,0.00995228357191547,0.0160834953253726,,,0,0,0,,362,662,962,1242,1522,1862,2122,2302,161,441,721,981,0,0,0,
12,0.247222222222222,10,21.5194444444444,0.0336259197108558,0.0183942511559841,,,0,0.1,0.0166666666666667,,241,361,521,761,961,1241,1561,1841,182,302,662,1002,0,0,0,
12,0.275833333333333,10,21.9263888888889,0.0461772344333946,0.0468850143037868,,,0,0,0,,281,561,841,961,1261,1521,1881,2181,181,461,841,1221,0,0,0,
12,0.153333333333333,9,20.6902777777778,0.0185272202456871,0.0225786047085686,,,0,0.111111111111111,0.017512077294686,,222,622,862,1102,1462,1682,1902,2162,401,661,1041,1181,0,0,0,
12,0.440555555555556,10,22.6541666666667,0.0817239899454356,0.0891251548291262,,,0,0.1,0.0490566037735848,,122,222,542,722,942,1222,1542,1762,361,461,861,1141,0,0,0,
12,0.460833333333333,9,21.9545454545455,0.15260235523827,0.177676505203581,,,0,0,0,,201,581,841,1021,1201,1541,1701,1921,122,282,402,682,0,0,0,
12,0.196944444444444,9,20.6409090909091,0.0300776840847221,0.0376720752172018,,,0,0,0,,262,582,882,1282,1582,1722,2062,2162,401,541,861,1241,0,0,0,
12,0.365555555555556,9,21.9242424242424,0.0751147149412282,0.0855165893072025,,,0,0,0,,201,401,801,1161,1381,1641,1841,2161,181,501,741,1041,0,0,0,
12,0.354166666666667,9,22.0530303030303,0.0635447317348025,0.0511566451999669,,,0,0.111111111111111,0.0718157181571815,,362,462,762,1162,1522,1862,2062,2182,382,622,902,1082,0,0,0,
12,0.295833333333333,10,25.2888888888889,0.0252086994727592,0.0282246333690377,,,0,0.1,0.0270967741935483,,301,461,601,821,1101,1321,1661,1841,282,482,862,1022,0,0,0,
12,0.364166666666667,10,23.025,0.0874653154783448,0.105039274804619,,,0,0,0,,301,601,821,981,1161,1541,1721,1821,221,341,621,781,0,0,0,
12,0.474444444444444,10,23.5541666666667,0.114865263282033,0.107404248378977,,,0,0,0,,181,501,701,821,1221,1381,1741,2081,321,661,1021,1341,0,0,0,
12,0.459444444444444,9,24.3090909090909,0.106295149638803,0.126818498388897,,,0,0.111111111111111,0.0524600847181491,,342,602,782,922,1322,1662,1962,2202,282,662,862,1142,0,0,0,
12,0.306666666666667,10,22.3444444444444,0.0436350074589756,0.0559761838642705,,,0,0.1,0.0170731707317073,,242,462,802,1022,1222,1462,1722,1922,322,702,922,1142,0,0,0,
12,0.305555555555556,9,22.1930555555556,0.045622379372927,0.0568395904135976,,,0,0.111111111111111,0.0114326545194712,,381,541,781,1041,1361,1701,1861,2041,202,522,922,1122,0,0,0,
12,0.276666666666667,9,22.0097222222222,0.068530321196441,0.0736938152100604,,,0,0,0,,301,641,841,1121,1381,1641,1901,2021,222,342,602,862,0,0,0,
12,0.183333333333333,9,20.7075757575758,0.0220205525156813,0.0323289826899935,,,0,0,0,,361,701,961,1221,1521,1801,2101,2281,242,582,962,1142,0,0,0,
12,0.363333333333333,9,23.265,0.0837641591635202,0.108141257058225,,,0,0,0,,342,682,862,1142,1542,1682,1922,2022,201,401,801,941,0,0,0,
12,0.369166666666667,10,24.0347222222222,0.0554175093903496,0.0624456169582523,,,0,0.1,0.0533333333333332,,201,301,561,861,1181,1361,1581,1981,242,462,782,1022,0,0,0,
12,0.444444444444444,11,26.2027777777778,0.0747906286441217,0.0840629086116451,,,0,0.181818181818182,0.0402498265093685,,121,441,541,841,1001,1101,1281,1421,342,702,1062,1222,0,0,0,
12,0.391388888888889,11,27.3055555555556,0.0365208545269583,0.0243720880002469,,,0,0,0,,362,462,602,762,1082,1282,1502,1882,181,441,741,861,0,0,0,
12,0.375,11,24.8986111111111,0.0580130529369108,0.0515362595687507,,,0,0.0909090909090909,0.0649350649350649,,381,661,841,961,1181,1481,1681,1821,382,722,1042,1262,0,0,0,
12,0.266666666666667,8,20.9984848484848,0.0480201631624328,0.0660557252615013,,,0,0,0,,362,762,1102,1402,1622,1782,2002,2382,201,461,561,921,0,0,0,
12,0.223611111111111,9,22.6227272727273,0.0316432498472816,0.02425935476477,,,0,0.111111111111111,0.0267927501970055,,321,501,861,1041,1281,1681,2021,2161,141,441,621,981,0,0,0,
12,0.446111111111111,9,25.0430555555556,0.0764793965947535,0.0954265349572211,,,0,0.222222222222222,0.13126079447323,,182,322,622,722,1082,1462,1822,2102,261,581,721,1101,0,0,0,
12,0.141388888888889,9,21.1111111111111,0.00953947368421053,0.00552624271035823,,,0,0,0,,241,581,781,1141,1401,1661,1981,2121,361,741,1021,1301,0,0,0,
12,0.3375,9,23.1180555555556,0.0538900570741965,0.0640626721854161,,,0,0.222222222222222,0.040236249538575,,122,262,482,862,1082,1482,1762,2022,141,461,741,1001,0,0,0,
12,0.318888888888889,10,23.7680555555556,0.044469117045521,0.0409600728192787,,,0,0.2,0.0948339483394838,,102,242,582,802,1102,1282,1462,1702,301,581,781,1121,0,0,0,
12,0.307777777777778,10,21.5263888888889,0.0717465642944706,0.0892768983924219,,,0,0,0,,202,442,802,1082,1182,1422,1742,2082,121,481,881,1161,0,0,0,
12,0.180833333333333,10,21.1597222222222,0.0311125697407286,0.0190919189114135,,,0,0,0,,181,581,961,1221,1421,1681,1821,1961,382,782,1162,1542,0,0,0,
12,0.126111111111111,9,20.5833333333333,0.00728744939271255,0.0101592150328612,,,0,0,0,,401,621,881,1261,1421,1801,2021,2321,122,262,582,962,0,0,0,
12,0.449444444444444,9,23.8763888888889,0.084520970275144,0.0804056853695846,,,0,0.222222222222222,0.0635271032622024,,241,361,661,881,1221,1581,1901,2261,342,602,702,942,0,0,0,
12,0.387777777777778,9,23.7375,0.0533614182903282,0.0701421121998741,,,0,0.111111111111111,0.0641627543035992,,162,322,602,822,1182,1542,1802,2102,282,522,682,1082,0,0,0,
12,0.253611111111111,9,21.2590909090909,0.0478428847392144,0.0565877864614326,,,0,0,0,,261,581,921,1221,1601,1701,1981,2101,342,602,702,842,0,0,0,
12,0.376944444444444,10,21.9694444444444,0.0892021747376407,0.0908038111106706,,,0,0.1,0.0486607142857142,,182,462,682,862,1142,1342,1562,1882,282,482,822,1102,0,0,0,
12,0.445555555555556,9,23.6378787878788,0.0970588235294118,0.118066410124172,,,0,0,0,,181,581,681,881,1261,1601,1941,2201,281,501,801,1021,0,0,0,
12,0.203611111111111,10,21.5152777777778,0.0264024272158027,0.0373061054468996,,,0,0,0,,342,642,902,1122,1482,1582,1682,1902,361,461,841,1161,0,0,0,
12,0.359166666666667,10,22.9378787878788,0.0804183195095564,0.0863058321542079,,,0,0,0,,281,681,1081,1241,1421,1601,1701,2101,342,722,842,1142,0,0,0,
12,0.181944444444444,8,20.8727272727273,0.0364901782229739,0.0349347403499028,,,0,0,0,,142,462,822,1182,1542,1722,1842,2002,302,522,902,1082,0,0,0,
12,0.408055555555556,11,23.9333333333333,0.0674907149489322,0.0495266065663183,,,0.0909090909090909,0.0909090909090909,0.0909090909090909,,241,621,921,1021,1321,1441,1581,1861,402,722,1062,1402,0,0,0,
12,0.433888888888889,10,27.24,0.0817492416582406,0.0671841596029313,,,0,0,0,,362,542,682,842,1062,1422,1802,1962,261,501,621,781,0,0,0,
12,0.326388888888889,10,22.9083333333333,0.0707530010913059,0.0790035175414231,,,0,0,0,,301,601,701,821,1201,1521,1761,1901,142,462,682,882,0,0,0,
12,0.177777777777778,9,21.0986111111111,0.0313343427029162,0.0230427614904149,,,0,0.111111111111111,0.0399305555555555,,382,642,862,1102,1442,1662,1802,1942,181,461,761,1121,0,0,0,
12,0.228611111111111,10,24.6069444444444,0.0181181915674211,0.0105411636097557,,,0,0.1,0.0162162162162162,,241,461,601,721,901,1101,1341,1741,381,681,1001,1321,0,0,0,
12,0.398888888888889,11,25.4902777777778,0.0788971830218493,0.0758200984735279,,,0,0.0909090909090909,0.0344827586206896,,402,642,782,882,1082,1362,1682,1782,402,582,842,1242,0,0,0,
12,0.393611111111111,8,21.7015151515151,0.0729252913827145,0.0862706787797047,,,0,0.125,0.0349722991689751,,322,502,902,1262,1662,1842,2042,2222,241,441,581,821,0,0,0,
12,0.357222222222222,11,24.4652777777778,0.0936133976724383,0.0927158681671322,,,0.0909090909090909,0.0909090909090909,0.0909090909090909,,102,422,682,802,982,1142,1462,1562,161,261,541,781,0,0,0,
12,0.336944444444444,10,22.4236111111111,0.0524001238773614,0.062036779906816,,,0,0,0,,322,582,862,1102,1362,1502,1662,2002,181,501,601,821,0,0,0,
12,0.448055555555556,9,22.8277777777778,0.10355317595522,0.114960130122586,,,0,0.222222222222222,0.0800438596491226,,161,401,761,921,1281,1461,1821,2181,241,461,661,981,0,0,0,
12,0.0930555555555556,8,20.2530303030303,0.000486584179062978,0.000647968156993428,,,0,0,0,,401,641,1001,1401,1801,2061,2341,2581,181,401,641,881,0,0,0,
12,0.301944444444444,10,23.4666666666667,0.0359256628787879,0.0472436007634563,,,0,0.1,0.0957446808510638,,141,541,681,981,1161,1521,1701,1921,281,601,841,961,0,0,0,
12,0.171111111111111,9,20.5625,0.0183046268152651,0.015564459607781,,,0,0,0,,241,421,821,1181,1501,1621,1801,2161,361,721,1061,1361,0,0,0,
12,0.488611111111111,10,25.0545454545455,0.0806289729006357,0.0902890731410588,,,0,0,0,,342,522,762,1002,1402,1542,1902,2202,162,362,462,662,0,0,0,
12,0.131944444444444,9,20.8805555555556,0.0100439004922176,0.00734319831792754,,,0,0,0,,182,502,862,1162,1422,1662,1802,1942,362,642,962,1282,0,0,0,
12,0.376388888888889,10,24.4402777777778,0.0617150650679093,0.0433967857253058,,,0,0.1,0.0518518518518517,,241,401,721,901,1281,1441,1541,1781,302,562,822,1122,0,0,0,
12,0.100833333333333,8,20.6787878787879,0.000478599753862984,0.000647968156993428,,,0,0,0,,402,742,1142,1322,1722,1962,2302,2622,262,442,782,902,0,0,0,
12,0.3775,9,22.3969696969697,0.0632513408544479,0.0817541864473272,,,0,0.111111111111111,0.0188034188034188,,181,561,921,1281,1401,1541,1941,2161,182,442,562,662,0,0,0,
12,0.0938888888888889,8,20.2166666666667,0.000966717304239746,0.00145792835323521,,,0,0,0,,301,681,1021,1401,1641,1921,2161,2461,261,521,821,1161,0,0,0,
12,0.189444444444444,8,20.9766666666667,0.0251666439940144,0.0276867536795335,,,0,0.125,0.0301302931596091,,362,742,882,1262,1662,2042,2442,2642,102,362,602,842,0,0,0,
12,0.224722222222222,9,21.0848484848485,0.0291052114060964,0.0274656951552259,,,0.111111111111111,0.111111111111111,0.111111111111111,,161,421,641,1001,1381,1781,1941,2261,381,621,741,1001,0,0,0,
12,0.516666666666667,10,27.6902777777778,0.112855494808647,0.0915897479976878,,,0,0.1,0.0832000000000001,,141,421,541,841,1001,1301,1421,1661,122,242,342,622,0,0,0,
12,0.249444444444444,9,21.45,0.0492100492100492,0.0546445431824492,,,0,0,0,,362,482,862,1162,1342,1662,1862,2002,202,582,962,1202,0,0,0,
12,0.3175,11,22.7486111111111,0.0725319006044325,0.0749342113963058,,,0,0,0,,401,661,921,1081,1261,1481,1621,1801,181,501,801,1021,0,0,0,
12,0.414444444444444,10,23.2969696969697,0.0833976833976834,0.102918832070457,,,0,0,0,,381,561,881,1201,1301,1601,1821,2141,322,462,622,722,0,0,0,
12,0.478888888888889,11,24.2439393939394,0.118977819569666,0.15061512895448,,,0,0,0,,222,482,682,942,1042,1262,1402,1522,101,361,621,781,0,0,0,
12,0.4025,10,23.5666666666667,0.0709666342356779,0.0653105618809596,,,0,0,0,,381,581,801,1121,1421,1561,1681,2041,321,501,841,1221,0,0,0,
12,0.323888888888889,10,25.3833333333333,0.104905293831957,0.0813146039680333,,,0,0.1,0.0186274509803922,,222,502,602,982,1082,1362,1702,1822,102,242,482,802,0,0,0,
12,0.118888888888889,9,20.5263888888889,0.00588673117260978,0.00348888977047822,,,0,0.111111111111111,0.014692378328742,,161,381,701,1101,1361,1581,1961,2281,262,542,942,1102,0,0,0,
12,0.156388888888889,9,20.4777777777778,0.0199403147042865,0.0254162203620688,,,0,0,0,,282,562,842,1162,1402,1682,1882,2202,142,422,722,942,0,0,0,
12,0.404722222222222,9,22.1805555555556,0.0810269254852849,0.0964010217620334,,,0,0.222222222222222,0.0388677651035065,,141,401,721,1121,1241,1541,1681,2061,361,661,821,1181,0,0,0,
12,0.0866666666666667,8,20.2166666666667,0.00221591302541375,0.0012565953901694,,,0,0.125,0.00697544642857143,,342,702,1102,1342,1642,1942,2242,2502,381,521,641,921,0,0,0,
12,0.469444444444444,10,24.6722222222222,0.0748142310290475,0.0673516615754888,,,0,0.2,0.0854037267080746,,101,241,461,681,881,1101,1421,1801,262,602,762,1042,0,0,0,
12,0.333055555555556,10,22.375,0.0550589695841092,0.0625325637058492,,,0,0,0,,242,542,782,942,1342,1462,1762,2042,322,662,802,1042,0,0,0,
12,0.188611111111111,9,20.7333333333333,0.0203022032882913,0.0366102008701287,,,0,0,0,,381,621,1001,1201,1541,1941,2061,2261,381,621,961,1221,0,0,0,
12,0.329722222222222,11,24.0166666666667,0.039440203562341,0.0410052342362812,,,0,0.0909090909090909,0.00538277511961723,,182,322,482,742,942,1042,1382,1602,321,461,821,1041,0,0,0,
12,0.114166666666667,9,20.4757575757576,0.0028585040495474,0.00327223919281681,,,0,0,0,,361,741,961,1341,1581,1841,2101,2421,261,501,741,981,0,0,0,
12,0.292777777777778,10,22.4347222222222,0.0507645638581069,0.044817907724045,,,0,0,0,,341,541,761,981,1201,1541,1921,2281,101,261,381,741,0,0,0,
12,0.129722222222222,10,20.6680555555556,0.0140447550567838,0.0160421708255644,,,0,0,0,,362,602,882,1182,1342,1442,1822,2182,142,422,722,1062,0,0,0,
12,0.371944444444444,10,25.3969696969697,0.0565787290525967,0.0748231311408207,,,0,0,0,,281,441,841,1001,1361,1481,1881,2281,121,401,581,701,0,0,0,
12,0.329444444444444,9,21.4633333333333,0.0643545761863027,0.0771313524021107,,,0,0,0,,162,562,822,1182,1582,1722,2022,2382,362,602,882,1042,0,0,0,
12,0.436388888888889,11,25.4958333333333,0.103448275862069,0.0729588101429252,,,0.0909090909090909,0.0909090909090909,0.0909090909090909,,122,302,682,822,1022,1422,1542,1642,201,581,801,1061,0,0,0,
12,0.438888888888889,10,23.2638888888889,0.0925970149253731,0.0955490758739857,,,0,0.3,0.028921568627451,,301,561,801,1041,1141,1381,1761,2121,361,621,761,1021,0,0,0,
12,0.286944444444444,9,23.0347222222222,0.0509496533011758,0.0568823474960657,,,0,0.111111111111111,0.028169014084507,,302,482,842,1022,1222,1622,1842,1962,242,422,562,922,0,0,0,
12,0.361666666666667,9,22.6469696969697,0.0867305907825549,0.0977390539664917,,,0,0,0,,302,682,902,1022,1382,1722,2002,2382,202,482,602,1002,0,0,0,
12,0.287222222222222,9,22.0638888888889,0.0529396953292207,0.0673007497917249,,,0,0.111111111111111,0.00267737617135208,,301,501,821,1121,1321,1641,1841,1981,201,341,741,961,0,0,0,
12,0.360555555555556,10,24.8944444444444,0.0488172282972551,0.0490477733257519,,,0,0,0,,301,581,721,881,1041,1341,1681,1861,302,482,662,762,0,0,0,
12,0.397222222222222,10,24.8402777777778,0.0715124405926754,0.0847242608975464,,,0,0.1,0.0688888888888888,,201,421,601,761,1101,1381,1621,1841,182,462,722,842,0,0,0,
12,0.404722222222222,10,22.9680555555556,0.0877426377214731,0.071334571966341,,,0.1,0.3,0.141463414634146,,222,422,682,922,1302,1602,1702,1922,301,701,1021,1141,0,0,0,
12,0.346111111111111,10,23.9916666666667,0.0526803288178766,0.0565653059335369,,,0,0.1,0.0431372549019608,,122,422,602,822,1122,1382,1562,1962,382,562,722,882,0,0,0,
12,0.435833333333333,10,24.5388888888889,0.0855784469096672,0.0905482604038563,,,0,0.2,0.0699140401146131,,382,502,742,842,1122,1402,1642,1982,302,402,762,922,0,0,0,
12,0.274444444444444,9,21.8333333333333,0.0438295165394402,0.0692677959825975,,,0,0,0,,282,482,842,982,1382,1702,1862,2142,141,241,621,821,0,0,0,
12,0.166944444444444,9,22.1347222222222,0.00859634812072536,0.00650612924981155,,,0,0,0,,121,281,441,701,1101,1501,1761,2121,261,381,701,1021,0,0,0,
12,0.341111111111111,11,21.7909090909091,0.119766009852217,0.114705130409103,,,0,0,0,,262,422,802,1082,1262,1362,1582,1742,362,562,882,1182,0,0,0,
12,0.379722222222222,9,22.4333333333333,0.0897566836887954,0.0823527856018829,,,0,0.111111111111111,0.0364415862808145,,201,541,901,1081,1281,1621,1761,2081,281,381,561,681,0,0,0,
12,0.128611111111111,8,20.5136363636364,0.00754613432119092,0.0101823567527539,,,0,0,0,,382,722,1022,1322,1642,2002,2202,2562,141,241,621,781,0,0,0,
12,0.517222222222222,11,25.0541666666667,0.139420145240867,0.133603660679472,,,0,0.0909090909090909,0.0640204865556979,,341,461,761,941,1101,1321,1441,1661,182,362,642,822,0,0,0,
12,0.396666666666667,9,23.55,0.0851189422112036,0.0997989976329328,,,0,0,0,,322,662,962,1102,1502,1782,2002,2202,402,542,662,982,0,0,0,
12,0.411666666666667,10,26.4166666666667,0.053049421661409,0.0581390530849022,,,0,0.1,0.0137931034482759,,301,441,781,1041,1201,1381,1681,1961,342,622,762,862,0,0,0,
12,0.428611111111111,9,21.4878787878788,0.0951923076923077,0.109551579587681,,,0,0,0,,342,622,962,1242,1422,1702,1902,2182,381,581,781,961,0,0,0,
12,0.316944444444444,11,24.425,0.043102467872171,0.03727675252946,,,0,0.0909090909090909,0.0221729490022173,,162,462,642,742,902,1062,1362,1582,361,501,841,941,0,0,0,
12,0.326944444444444,10,23.1486111111111,0.0566988660226795,0.0588776045454746,,,0,0,0,,401,641,901,1041,1321,1581,1761,2161,261,441,661,961,0,0,0,
12,0.445,10,25.8152777777778,0.106579867649432,0.115169287190947,,,0,0,0,,301,441,761,861,981,1361,1681,1981,122,282,522,622,0,0,0,
12,0.301111111111111,9,22.4075757575758,0.0631757606235856,0.0648907049629076,,,0,0,0,,221,601,921,1041,1381,1741,2141,2481,201,341,601,1001,0,0,0,
12,0.433888888888889,9,23.8787878787879,0.0982132497969602,0.0907121258204284,,,0,0.111111111111111,0.00212044105173876,,402,762,902,1242,1382,1682,1842,2122,202,302,462,762,0,0,0,
12,0.177222222222222,9,20.8,0.0171474145952413,0.0232227159122466,,,0,0,0,,202,382,762,1082,1302,1702,2102,2282,101,381,621,1021,0,0,0,
12,0.294722222222222,11,24.3888888888889,0.0320615034168565,0.0337158329035586,,,0,0,0,,102,202,322,422,642,782,1182,1582,362,462,682,1062,0,0,0,
12,0.490555555555556,11,25.15,0.124861939474266,0.12690809992254,,,0,0.181818181818182,0.00580270793036751,,202,302,502,782,1042,1142,1262,1602,141,261,521,901,0,0,0,
12,0.395833333333333,10,22.6651515151515,0.0816664621425942,0.101855965935388,,,0,0,0,,361,721,921,1201,1341,1581,1961,2261,282,542,722,962,0,0,0,
12,0.185,9,21.8787878787879,0.0217043344644343,0.020210986366221,,,0,0,0,,261,601,801,1201,1341,1701,2081,2421,142,402,602,842,0,0,0,
12,0.136944444444444,10,20.9125,0.010958358238693,0.00991303121267019,,,0,0.1,0.0350877192982456,,122,362,522,862,1062,1342,1562,1682,201,521,781,1161,0,0,0,
12,0.331388888888889,9,22.5277777777778,0.056596794081381,0.0770139908226551,,,0,0.111111111111111,0.109090909090909,,281,461,721,1061,1441,1541,1821,2041,102,222,462,702,0,0,0,
12,0.258611111111111,8,22.27,0.0567188077349427,0.0440241467317281,,,0,0.125,0.00524809160305344,,302,682,842,1182,1582,1962,2102,2222,241,401,701,981,0,0,0,
12,0.432222222222222,9,20.3533333333333,0.0989067524115756,0.120487695216938,,,0,0,0,,241,601,1001,1181,1461,1861,2001,2241,261,401,721,1121,0,0,0,
12,0.238333333333333,10,25.9791666666667,0.0131515637530072,0.00941702701630498,,,0,0,0,,382,682,1042,1182,1282,1402,1662,1842,342,742,1122,1222,0,0,0,
12,0.128333333333333,10,21.0388888888889,0.00534724055980988,0.00559643926069919,,,0,0,0,,102,242,642,882,1162,1442,1562,1702,402,742,1102,1202,0,0,0,
12,0.4775,11,25.9458333333333,0.0855949895615866,0.0659558952880247,,,0,0.181818181818182,0.0660705414803775,,101,301,481,661,801,1041,1261,1521,322,542,722,942,0,0,0,
12,0.2975,9,21.8277777777778,0.0471494018834309,0.0493245923751338,,,0,0.111111111111111,0.0241046831955922,,161,481,741,961,1121,1521,1821,2101,282,482,642,862,0,0,0,
12,0.101111111111111,8,20.2166666666667,0.00103149498005776,0.00152735351291308,,,0,0,0,,181,541,881,1281,1681,2001,2241,2401,162,362,622,862,0,0,0,
12,0.355277777777778,9,22.5111111111111,0.0602788746298124,0.0823750457324467,,,0,0.111111111111111,0.00678040244969379,,122,482,722,982,1162,1402,1782,2022,241,421,601,701,0,0,0,
12,0.387777777777778,10,25.9636363636364,0.0548564052920297,0.0504196365207199,,,0,0.1,0.05,,382,582,762,1102,1262,1522,1902,2142,301,701,881,1021,0,0,0,
12,0.231944444444444,9,21.0348484848485,0.0631736138163875,0.0588146811070999,,,0,0.111111111111111,0.041343669250646,,241,561,921,1181,1421,1601,1921,2081,201,441,621,801,0,0,0,
12,0.419444444444444,10,22.5569444444444,0.0969767871436488,0.113373379528614,,,0,0.1,0.0331491712707182,,222,342,682,902,1002,1262,1542,1802,161,421,821,1181,0,0,0,
12,0.277222222222222,9,22.1027777777778,0.0493276360437351,0.0375413795991412,,,0,0.222222222222222,0.112573099415204,,121,281,501,861,1181,1581,1861,2081,401,721,841,1241,0,0,0,
12,0.109166666666667,8,20.2727272727273,0.00591963228637092,0.0039526057576599,,,0,0,0,,321,581,981,1201,1601,1921,2221,2621,202,422,782,1082,0,0,0,
12,0.271944444444444,10,21.875,0.0420952380952381,0.0367080572856748,,,0,0.1,0.0124555160142349,,361,461,721,861,1161,1361,1741,1961,401,501,901,1261,0,0,0,
12,0.213888888888889,9,21.0045454545455,0.0230955974017453,0.0375358696658336,,,0,0,0,,362,462,722,1062,1462,1842,2042,2222,161,501,841,1161,0,0,0,
12,0.3375,11,28.4208333333333,0.0298587694863901,0.03201024807523,,,0,0.0909090909090909,0.0313852813852814,,102,362,582,702,822,982,1322,1542,342,522,622,722,0,0,0,
12,0.344444444444444,10,23.7180555555556,0.050477250102477,0.0585163733178176,,,0,0.1,0.0342857142857143,,242,362,462,702,1082,1222,1622,1902,101,381,761,1121,0,0,0,
12,0.398611111111111,10,23.8166666666667,0.0605318404478656,0.0858723106015526,,,0,0,0,,342,442,762,1002,1202,1582,1802,2002,201,521,701,921,0,0,0,
12,0.396944444444444,9,22.0893939393939,0.0915383176404564,0.117747715581651,,,0,0.111111111111111,0.00155763239875389,,322,662,862,982,1202,1602,1862,2142,201,301,681,901,0,0,0,
12,0.137777777777778,9,20.5590909090909,0.0132409859441842,0.0128844280468829,,,0,0.111111111111111,0.0353535353535354,,242,502,882,1222,1562,1722,2062,2442,342,702,942,1282,0,0,0,
12,0.495555555555556,9,23.5181818181818,0.120230938634605,0.129539854449603,,,0,0.111111111111111,0.00762527233115469,,301,521,881,1041,1441,1761,2001,2321,181,441,641,841,0,0,0,
12,0.458888888888889,11,25.2638888888889,0.0778449697636064,0.079389593559269,,,0,0.0909090909090909,0.0661157024793388,,281,481,621,801,901,1301,1501,1721,141,321,501,721,0,0,0,
12,0.334166666666667,11,26.2305555555556,0.0329873980726464,0.0507497917245209,,,0,0,0,,402,622,722,882,1122,1342,1522,1882,301,421,561,781,0,0,0,
12,0.251388888888889,8,21.1472222222222,0.0443977407066859,0.0436637970934002,,,0,0,0,,181,541,921,1261,1441,1761,2061,2281,102,502,622,842,0,0,0,
12,0.156111111111111,9,20.8787878787879,0.0197083693987616,0.0125712434376694,,,0,0,0,,301,621,821,1061,1341,1721,1961,2361,302,602,942,1342,0,0,0,
12,0.206666666666667,9,21.1347222222222,0.0260235263192482,0.0279801025288391,,,0,0.222222222222222,0.00708061002178649,,261,521,841,1061,1441,1621,2021,2201,382,482,622,862,0,0,0,
12,0.346388888888889,11,24.6972222222222,0.0417275896974469,0.0428422660372119,,,0.0909090909090909,0.0909090909090909,0.0909090909090909,,161,401,621,781,941,1201,1381,1761,401,681,801,1101,0,0,0,
12,0.322222222222222,9,24.2045454545455,0.0814949242896841,0.0709308040535479,,,0,0.111111111111111,0.0150659133709981,,182,342,482,862,1142,1502,1802,1942,161,441,661,781,0,0,0,
12,0.285,10,23.2083333333333,0.0494913225613405,0.0652712209571413,,,0,0,0,,122,482,622,902,1002,1402,1622,2022,282,422,562,702,0,0,0,
12,0.132777777777778,9,20.4106060606061,0.0100341296928328,0.0192935824704778,,,0,0,0,,281,601,921,1321,1481,1861,2241,2421,121,421,521,821,0,0,0,
12,0.254722222222222,10,21.9333333333333,0.0861983368499441,0.0813771968104097,,,0,0,0,,302,642,962,1082,1222,1542,1842,1962,121,341,661,861,0,0,0,
12,0.174722222222222,8,20.1683333333333,0.0210792004911658,0.0267055447560862,,,0,0,0,,361,721,1021,1381,1781,2081,2261,2381,302,502,782,1102,0,0,0,
12,0.339722222222222,10,23.3805555555556,0.0609480812641084,0.0738930543984702,,,0,0,0,,202,562,722,1062,1222,1582,1702,2002,241,521,661,781,0,0,0,
12,0.459722222222222,9,24.6902777777778,0.0857850030938854,0.103017129280668,,,0,0.111111111111111,0.00318761384335155,,142,382,782,882,1182,1582,1782,2082,162,462,562,762,0,0,0,
12,0.506388888888889,10,27.22,0.085728592889334,0.0987296297765613,,,0,0.1,0.0467261904761904,,401,521,641,761,1041,1321,1721,1841,221,421,581,881,0,0,0,
12,0.404444444444444,11,25.7787878787879,0.0557756298526383,0.0612944115651701,,,0,0.0909090909090909,0.0505050505050505,,221,361,481,741,921,1241,1561,1681,241,641,841,1001,0,0,0,
12,0.384444444444444,11,23.0106060606061,0.0688972941518766,0.0592354196144814,,,0,0,0,,382,782,982,1122,1322,1442,1602,1882,301,501,901,1081,0,0,0,
12,0.371388888888889,11,24.5097222222222,0.0557601858672862,0.0616564141834901,,,0,0.0909090909090909,0.0231729055258467,,362,482,642,802,902,1282,1502,1842,182,542,902,1262,0,0,0,
12,0.276944444444444,9,21.75,0.0716894694483997,0.0581599908314711,,,0,0.111111111111111,0.00489168413696716,,122,362,622,1002,1202,1382,1702,1802,202,562,762,1142,0,0,0,
12,0.4325,10,24.4875,0.0731665815892462,0.0694773938456256,,,0,0.1,0.0777777777777778,,101,501,901,1061,1221,1341,1601,1881,141,441,541,741,0,0,0,
12,0.281944444444444,9,21.3636363636364,0.0540732605465469,0.0758122743682307,,,0,0,0,,341,501,881,1201,1321,1641,1901,2221,262,602,942,1182,0,0,0,
12,0.215555555555556,9,20.8736111111111,0.0300086499434427,0.0214236124885945,,,0,0,0,,342,602,802,1022,1402,1722,2062,2342,322,442,762,1002,0,0,0,
12,0.191388888888889,10,22.3,0.0162556053811659,0.0218735536425068,,,0,0,0,,162,322,482,722,962,1342,1462,1782,102,382,762,1062,0,0,0,
12,0.259444444444444,9,21.1625,0.0402966463214544,0.0631279670990861,,,0,0,0,,121,281,641,981,1341,1561,1701,1921,381,521,821,1161,0,0,0,
12,0.336666666666667,11,24.2861111111111,0.0419764382934919,0.0347840987732684,,,0,0,0,,182,522,762,882,1022,1202,1302,1682,122,402,782,1182,0,0,0,
12,0.400833333333333,9,24.4606060606061,0.0682207747685979,0.0677939990214359,,,0,0.222222222222222,0.069915254237288,,402,502,822,1082,1362,1662,1882,2242,382,782,942,1222,0,0,0,
12,0.158333333333333,9,21.1375,0.0175438596491228,0.0123214230614953,,,0,0.111111111111111,0.0345345345345345,,122,382,722,1122,1402,1682,1782,1882,381,701,921,1221,0,0,0,
12,0.191944444444444,9,21.1757575757576,0.0193610842207164,0.0158482211731309,,,0,0.111111111111111,0.0353535353535354,,341,581,941,1281,1661,1801,1901,2081,362,462,822,962,0,0,0,
12,0.435,9,22.6611111111111,0.0976342240745281,0.103565698240789,,,0,0.111111111111111,0.0597928436911486,,342,542,682,922,1262,1462,1822,2022,342,742,1082,1482,0,0,0,
12,0.468888888888889,11,27.9847222222222,0.0838751302794183,0.088122356985173,,,0,0.0909090909090909,0.0226427847245691,,402,522,622,742,1062,1362,1482,1662,302,482,582,902,0,0,0,
12,0.116944444444444,9,20.4560606060606,0.00506155950752394,0.00592428029251134,,,0,0,0,,261,661,981,1261,1621,1761,2141,2481,361,681,921,1281,0,0,0,
12,0.296944444444444,10,25.4472222222222,0.0305097696757996,0.0200621079682454,,,0,0.1,0.0574162679425836,,161,381,561,921,1061,1281,1501,1741,121,501,781,921,0,0,0,
12,0.113888888888889,9,20.7194444444444,0.000938463601018903,0.00242988058872535,,,0,0,0,,261,501,801,941,1301,1661,2041,2301,101,241,521,781,0,0,0,
12,0.483055555555556,9,24.425,0.102297281928807,0.127237804313617,,,0,0,0,,341,481,601,961,1241,1621,1821,2061,122,262,502,722,0,0,0,
12,0.185833333333333,9,21.2484848484848,0.0212278058048876,0.0133233493341797,,,0,0,0,,341,641,761,961,1361,1681,1961,2361,382,722,1002,1362,0,0,0,
12,0.372222222222222,9,24.4893939393939,0.0810765159619391,0.0695737074798451,,,0,0.111111111111111,0.0437653272967363,,262,362,702,922,1242,1542,1862,2002,361,601,801,1101,0,0,0,
12,0.202222222222222,9,22.2439393939394,0.0357055214723926,0.0248376773647533,,,0,0,0,,101,441,841,941,1341,1441,1841,1981,341,721,1041,1201,0,0,0,
12,0.148333333333333,9,20.4402777777778,0.0131140857511721,0.022123484217347,,,0,0,0,,222,542,762,1062,1382,1702,1902,2202,141,421,781,1061,0,0,0,
12,0.289722222222222,9,21.7194444444444,0.0659930937460033,0.0745289007021857,,,0,0.111111111111111,0.0227817745803357,,261,461,761,1101,1481,1601,1841,1961,322,722,1022,1202,0,0,0,
12,0.495555555555556,10,24.8633333333333,0.118070477009024,0.118585666239095,,,0,0,0,,401,741,861,961,1241,1561,1701,1801,182,322,442,702,0,0,0,
12,0.275555555555556,9,20.9772727272727,0.0708096223486808,0.0791645177926765,,,0,0,0,,201,481,741,1041,1261,1461,1821,1981,261,461,801,1161,0,0,0,
12,0.408055555555556,10,23.7736111111111,0.0731436583513466,0.0907373613149786,,,0,0.1,0.0635467980295565,,181,381,661,861,1141,1341,1581,1841,301,501,741,981,0,0,0,
12,0.339444444444444,10,22.4486111111111,0.0691703272907257,0.0806859205776179,,,0,0.2,0.115853658536585,,262,542,822,1042,1202,1482,1642,1842,341,501,681,821,0,0,0,
12,0.346944444444444,11,26.1805555555556,0.0403713527851459,0.0349555178075034,,,0,0.0909090909090909,0.00823771697558105,,382,502,602,862,1002,1202,1322,1682,222,502,682,922,0,0,0,
12,0.402777777777778,10,23.2208333333333,0.0851127459776302,0.0944213027245524,,,0,0,0,,101,381,761,961,1161,1341,1461,1861,241,401,541,741,0,0,0,
12,0.486388888888889,10,24.6138888888889,0.0863333709513599,0.0782420447582898,,,0,0.1,0.0324137931034482,,102,302,422,642,942,1242,1522,1702,322,442,622,742,0,0,0,
12,0.405555555555556,11,24.1097222222222,0.0696468690592776,0.0688566948494751,,,0,0.0909090909090909,0.00277161862527716,,241,541,661,821,921,1181,1441,1661,341,721,961,1221,0,0,0,
12,0.300833333333333,10,23.7236111111111,0.0503483402611088,0.0339193698399474,,,0,0.2,0.0206642066420664,,101,301,421,541,761,1161,1561,1741,302,402,682,782,0,0,0,
12,0.511111111111111,10,24.6878787878788,0.101630910683012,0.127487073696462,,,0,0,0,,282,462,582,942,1142,1462,1622,1802,182,342,622,822,0,0,0,
12,0.378888888888889,10,24.4060606060606,0.0925997675319644,0.0740042448526206,,,0,0.2,0.0618055555555555,,221,381,561,761,1061,1421,1521,1641,101,281,501,821,0,0,0,
12,0.503888888888889,11,24.5125,0.0983058530228341,0.0985571688640279,,,0,0,0,,161,281,481,741,1021,1161,1461,1681,222,362,562,962,0,0,0,
12,0.332777777777778,11,22.2888888888889,0.0492273180458624,0.0508900445723549,,,0.0909090909090909,0.0909090909090909,0.0909090909090909,,301,561,701,941,1081,1461,1561,1781,322,582,922,1162,0,0,0,
12,0.3775,10,23.9861111111111,0.0600463231036479,0.067192314304228,,,0,0,0,,282,502,622,902,1262,1422,1662,2002,281,401,781,1001,0,0,0,
12,0.429722222222222,11,26.5590909090909,0.0916461412151067,0.105594896479374,,,0,0,0,,241,601,841,981,1101,1381,1501,1641,341,661,881,1001,0,0,0,
12,0.298055555555556,10,24.3486111111111,0.0410701043865153,0.0396720708092548,,,0,0,0,,121,441,721,841,1021,1361,1621,1781,401,681,901,1041,0,0,0,
12,0.373888888888889,10,22.9069444444444,0.0648760080033954,0.0893848930852543,,,0,0.1,0.0909090909090909,,161,281,661,921,1261,1381,1721,1961,341,521,661,1021,0,0,0,
12,0.114722222222222,9,21.2125,0.00202972565966084,0.00172174396001111,,,0,0,0,,102,442,602,862,1182,1442,1842,1982,161,281,681,901,0,0,0,
12,0.475,11,25.25,0.083993399339934,0.10045527076213,,,0,0.0909090909090909,0.0230880230880231,,382,602,722,1022,1182,1422,1542,1742,382,482,742,1142,0,0,0,
12,0.340277777777778,9,21.95,0.0585294862060238,0.0789812574108602,,,0,0.111111111111111,0.00954328561690525,,181,381,661,981,1261,1561,1741,1981,281,641,841,1221,0,0,0,
12,0.345,11,25.7013888888889,0.04863550391786,0.0366286240834979,,,0,0.0909090909090909,0.00916138125440451,,182,322,482,742,942,1042,1342,1542,122,322,542,762,0,0,0,
12,0.402222222222222,10,24.4194444444444,0.0518143555909453,0.0655736060970718,,,0,0.1,0.0516129032258065,,301,401,641,841,1161,1481,1721,1901,202,482,762,902,0,0,0,
12,0.367777777777778,10,24.3277777777778,0.0574902945878054,0.0685999920656963,,,0,0,0,,201,361,481,721,901,1201,1501,1701,222,542,662,982,0,0,0,
12,0.350833333333333,10,21.625,0.0763005780346821,0.089537408039213,,,0,0.1,0.0952380952380953,,101,401,501,881,1021,1261,1601,1781,242,482,802,1162,0,0,0,
12,0.124444444444444,9,20.2166666666667,0.00544039666689622,0.010969175229103,,,0,0,0,,382,722,982,1342,1502,1882,2202,2422,282,622,922,1282,0,0,0,
12,0.346944444444444,11,22.0277777777778,0.0706809583858764,0.0647344432542998,,,0,0,0,,281,581,801,1001,1161,1361,1481,1741,262,502,882,1182,0,0,0,
12,0.395555555555556,11,23.1930555555556,0.0775495538655009,0.0936954241105862,,,0,0,0,,101,441,621,721,881,1201,1421,1661,201,381,621,961,0,0,0,
12,0.417222222222222,11,25.5430555555556,0.0825403730085368,0.0597707747527234,,,0,0.0909090909090909,0.0158102766798419,,221,381,521,861,961,1121,1441,1661,241,421,541,801,0,0,0,
12,0.200555555555556,9,21.1819444444444,0.0380958625663891,0.026190255793144,,,0,0.111111111111111,0.0207407407407407,,281,601,881,1181,1401,1601,1921,2081,162,502,702,942,0,0,0,
12,0.195277777777778,9,22.0277777777778,0.019672131147541,0.0151426191137383,,,0,0,0,,141,281,621,1021,1421,1701,1801,1901,162,442,762,882,0,0,0,
12,0.269166666666667,9,21.7666666666667,0.0403225806451613,0.037692902765105,,,0,0,0,,382,562,822,1222,1602,1842,2022,2342,201,441,621,981,0,0,0,
12,0.14,8,20.5,0.0123566357181868,0.0124965287420161,,,0,0,0,,102,462,862,1202,1502,1722,2082,2482,282,542,922,1202,0,0,0,
12,0.215555555555556,9,21.6972222222222,0.0274612725643324,0.021876529006493,,,0,0,0,,361,541,761,1141,1501,1801,2061,2341,182,342,662,922,0,0,0,
12,0.166388888888889,10,21.5152777777778,0.0115550965076496,0.00930693854881579,,,0,0,0,,361,521,821,1081,1381,1741,1841,2001,381,541,861,1261,0,0,0,
12,0.319444444444444,11,22.8083333333333,0.0652173913043478,0.0468101793914068,,,0,0.181818181818182,0.0323574730354391,,242,462,602,842,942,1182,1582,1682,342,542,802,1182,0,0,0,
12,0.398611111111111,11,24.5484848484849,0.0965140047511187,0.0734637805034908,,,0,0.0909090909090909,0.0321969696969697,,401,661,801,1141,1241,1421,1541,1701,122,462,702,962,0,0,0,
12,0.290833333333333,11,22.1680555555556,0.0666624898189336,0.0778375054548335,,,0,0,0,,241,581,841,1061,1221,1421,1641,1741,402,582,822,1042,0,0,0,
12,0.331111111111111,9,23.7,0.0692686357243319,0.0796485103344311,,,0,0,0,,201,481,641,761,1121,1481,1701,2101,202,322,542,742,0,0,0,
12,0.289444444444444,10,24.4944444444444,0.029938761623951,0.0249868863587275,,,0,0,0,,382,542,682,802,1142,1502,1882,2222,162,522,822,1102,0,0,0,
12,0.469444444444444,10,26.3066666666667,0.0716474313144725,0.0871514967182843,,,0,0.1,0.0195035460992908,,261,361,661,921,1061,1321,1641,1761,242,522,882,982,0,0,0,
12,0.364166666666667,11,21.7,0.078020993343574,0.0886917635112588,,,0.0909090909090909,0.0909090909090909,0.0909090909090909,,241,521,721,881,1041,1281,1481,1661,182,322,702,1022,0,0,0,
12,0.565833333333333,10,23.8530303030303,0.162298953998425,0.181060375645211,,,0,0,0,,301,421,761,901,1081,1441,1561,1921,221,381,561,881,0,0,0,
12,0.438611111111111,9,22.3166666666667,0.17175572519084,0.181604646857354,,,0,0,0,,202,602,782,1182,1362,1622,1982,2102,222,442,622,822,0,0,0,
12,0.413611111111111,10,25.2939393939394,0.06005923650724,0.0525000771390668,,,0,0,0,,342,522,922,1062,1382,1502,1822,2062,262,582,682,1082,0,0,0,
12,0.206666666666667,9,21.0444444444444,0.0436246040126716,0.0514718133851707,,,0,0,0,,182,522,922,1182,1422,1642,1842,1962,341,621,801,1201,0,0,0,
12,0.274722222222222,11,25.0833333333333,0.0266888150609081,0.0219598391981063,,,0,0,0,,122,422,522,702,982,1082,1282,1622,281,581,681,901,0,0,0,
12,0.198611111111111,10,22.2055555555556,0.0151988991743808,0.0181280111785527,,,0,0,0,,262,622,742,982,1262,1462,1862,2082,322,562,842,1222,0,0,0,
12,0.105277777777778,8,20.4772727272727,0.003280032800328,0.00166620383226881,,,0,0.125,0.0146341463414634,,201,521,841,1201,1501,1801,2161,2481,202,362,742,862,0,0,0,
12,0.287777777777778,10,21.5805555555556,0.0536105032822757,0.0739894782313553,,,0,0.1,0.0403225806451613,,241,621,861,1201,1301,1421,1681,1941,142,442,762,882,0,0,0,
12,0.225277777777778,8,21.2986111111111,0.0372350831431366,0.0499517329842237,,,0,0,0,,202,582,902,1162,1542,1642,1842,2002,121,301,581,821,0,0,0,
12,0.369166666666667,10,24.2944444444444,0.0553967528012806,0.0748536561713457,,,0,0,0,,402,722,862,982,1162,1422,1822,2102,282,582,882,1142,0,0,0,
12,0.441388888888889,10,23.7060606060606,0.104886417415996,0.0886667283779196,,,0,0.1,0.0909090909090909,,342,462,682,1082,1342,1562,1942,2342,221,561,841,1201,0,0,0,
12,0.311388888888889,10,22.6318181818182,0.0667445866141732,0.0783912537522648,,,0,0,0,,381,621,741,1121,1301,1621,1901,2281,202,522,882,1202,0,0,0,
12,0.428333333333333,10,24.0388888888889,0.0889184192281026,0.071794871794872,,,0,0.2,0.105693950177936,,322,542,882,982,1102,1402,1702,1882,361,461,661,821,0,0,0,
12,0.481388888888889,11,25.1097222222222,0.0992311521654959,0.0857391104683522,,,0,0.0909090909090909,0.020979020979021,,202,322,462,842,1022,1382,1502,1722,361,681,801,1201,0,0,0,
12,0.418055555555556,9,23.5611111111111,0.0826456024522518,0.0915270449566486,,,0,0.222222222222222,0.0427751695357328,,161,341,601,921,1181,1561,1761,1961,342,462,742,942,0,0,0,
12,0.245,10,22.1527777777778,0.0270846394984326,0.0294894936591686,,,0,0,0,,122,262,362,642,1042,1202,1582,1922,342,462,802,1142,0,0,0,
12,0.324166666666667,10,22.3958333333333,0.0656744186046512,0.0668209447992842,,,0,0.1,0.0450980392156863,,262,642,742,902,1102,1402,1782,2162,222,342,742,942,0,0,0,
12,0.393611111111111,9,21.8742424242424,0.0849888924151063,0.0909526895086465,,,0,0.111111111111111,0.0705705705705704,,402,642,982,1362,1582,1682,1982,2282,301,541,741,1001,0,0,0,
12,0.238611111111111,9,21.9361111111111,0.0583765987083703,0.0443148508130458,,,0,0.222222222222222,0.0696798493408661,,102,362,722,1062,1302,1502,1622,1742,202,462,662,882,0,0,0,
12,0.130555555555556,9,20.319696969697,0.0114989733059548,0.00818886288200367,,,0,0,0,,241,641,881,1101,1361,1641,2001,2401,121,301,601,961,0,0,0,
12,0.338611111111111,10,25.5722222222222,0.0351944384097328,0.0466152479690386,,,0,0.1,0.0424068767908308,,142,302,422,602,842,1142,1522,1742,162,462,562,742,0,0,0,
12,0.244722222222222,9,22.9060606060606,0.0217657128882367,0.0230703111569537,,,0,0.111111111111111,0.0122549019607843,,342,582,682,1042,1242,1622,1982,2362,402,722,882,1042,0,0,0,
12,0.350833333333333,10,22.975,0.0573086688429452,0.0583457857826093,,,0,0.2,0.063131313131313,,122,242,542,762,1122,1382,1502,1822,402,502,722,1102,0,0,0,
12,0.432222222222222,10,27,0.12914145040517,0.129120107730216,,,0,0,0,,361,701,861,1001,1361,1521,1881,2021,181,381,621,741,0,0,0,
12,0.127222222222222,9,21.6121212121212,0.00297869584925209,0.00285568823474961,,,0,0,0,,201,541,721,981,1221,1621,2021,2421,221,381,541,941,0,0,0,
12,0.368333333333333,9,22.6075757575758,0.0785029940119761,0.0790861665410407,,,0,0.222222222222222,0.0588624338624337,,361,741,1001,1141,1301,1701,1821,2001,301,541,661,781,0,0,0,
12,0.365,10,23.6833333333333,0.0550668543279381,0.0839998148662409,,,0,0,0,,182,562,702,1022,1202,1382,1782,2042,361,741,921,1181,0,0,0,
12,0.338333333333333,10,24.6518518518519,0.0815057107619711,0.0725777231192398,,,0,0,0,,401,781,1121,1261,1401,1681,1821,1961,342,702,1062,1222,0,0,0,
12,0.432777777777778,12,25.1348484848485,0.0902231497832718,0.0715256564534549,,,0,0.166666666666667,0.0571895424836602,,362,562,742,982,1102,1242,1402,1502,181,481,621,721,0,0,0,
12,0.369166666666667,9,23.1916666666667,0.0807881183375255,0.0971597395785121,,,0,0.111111111111111,0.0083993280537557,,222,602,962,1062,1182,1502,1782,2122,242,482,882,1082,0,0,0,
12,0.319444444444444,11,26.5930555555556,0.0335822844309814,0.0218503017239481,,,0,0.0909090909090909,0.0408921933085503,,261,401,521,821,921,1161,1361,1661,321,521,721,821,0,0,0,
12,0.0927777777777778,8,20.4772727272727,0.00307923908580813,0.00199184089075786,,,0,0.125,0.0127708978328173,,301,681,1081,1201,1561,1821,2161,2501,161,521,881,1201,0,0,0,
12,0.166944444444444,9,21.2986111111111,0.0262797522008477,0.0175474846052463,,,0,0.111111111111111,0.00180041152263375,,162,482,682,1022,1222,1502,1782,1902,342,462,762,1082,0,0,0,
12,0.3275,11,24.4583333333333,0.0461669505962521,0.0413848486050655,,,0,0.0909090909090909,0.00611888111888112,,182,422,542,882,982,1202,1342,1642,201,361,701,861,0,0,0,
12,0.271388888888889,9,22.180303030303,0.0717023117814316,0.0665266041619834,,,0,0.111111111111111,0.0482719223079119,,281,381,721,1081,1301,1581,1961,2061,281,381,581,901,0,0,0,
12,0.179166666666667,8,20.7530303030303,0.0206896551724138,0.017578450430436,,,0,0.125,0.0295315682281059,,282,622,1002,1202,1562,1782,2022,2362,182,482,822,942,0,0,0,
12,0.236111111111111,10,21.4,0.0296599169262721,0.0199283267875324,,,0,0,0,,121,481,601,801,981,1241,1501,1821,221,601,981,1241,0,0,0,
12,0.230833333333333,9,21.5181818181818,0.0597081218274112,0.0449960989672182,,,0,0,0,,362,642,862,1022,1382,1642,1942,2042,181,461,681,1081,0,0,0,
12,0.294444444444444,11,28.3183333333333,0.0118259890187245,0.0100799821918955,,,0,0,0,,401,681,801,921,1061,1381,1501,1701,262,642,802,922,0,0,0,
12,0.313611111111111,10,22.3666666666667,0.0509811227024342,0.0621340853290313,,,0,0.1,0.0166204986149584,,102,342,622,802,1042,1262,1382,1662,361,601,961,1201,0,0,0,
12,0.293888888888889,10,22.0625,0.0414856783128738,0.0499781806641013,,,0,0,0,,121,501,621,1021,1421,1521,1681,2021,242,482,882,1062,0,0,0,
12,0.357222222222222,11,23.5152777777778,0.0795582068395251,0.046053695602432,,,0.0909090909090909,0.181818181818182,0.104084321475626,,222,362,622,882,1082,1302,1542,1682,401,741,1101,1241,0,0,0,
12,0.418611111111111,9,21.1333333333333,0.0894047763365256,0.101171962814563,,,0,0,0,,221,501,821,1141,1501,1621,1761,2121,281,661,821,1001,0,0,0,
12,0.421944444444444,11,22.1516666666667,0.0865525959898865,0.0883817546272419,,,0,0,0,,402,682,962,1162,1262,1542,1662,1822,361,541,921,1021,0,0,0,
12,0.143055555555556,9,20.5291666666667,0.0177254583587037,0.0193557345181894,,,0,0,0,,301,701,941,1201,1501,1781,2001,2321,322,482,782,1022,0,0,0,
12,0.428888888888889,10,21.6560606060606,0.0835430605855994,0.101959442482909,,,0,0,0,,282,482,842,1182,1322,1482,1602,1782,281,421,781,1181,0,0,0,
12,0.126944444444444,9,20.4625,0.00576936129776692,0.00477545919784187,,,0,0,0,,202,422,742,1142,1362,1702,2042,2302,321,441,621,981,0,0,0,
12,0.389444444444444,11,23.8444444444444,0.0697809878844362,0.0776462606787519,,,0.0909090909090909,0.0909090909090909,0.0909090909090909,,221,361,641,841,961,1121,1321,1721,282,502,882,1282,0,0,0,
12,0.378888888888889,10,22.5333333333333,0.0733481262327416,0.0896209386281585,,,0,0.1,0.0334285714285714,,241,541,641,821,941,1181,1521,1801,102,242,642,962,0,0,0,
12,0.133611111111111,9,21.0527777777778,0.00758675286977174,0.00675407624866108,,,0,0,0,,241,561,721,1081,1421,1761,2061,2201,101,261,621,721,0,0,0,
12,0.465277777777778,9,23.7597222222222,0.0870403928216519,0.0877243093849596,,,0,0.222222222222222,0.0879526977087955,,122,282,542,842,1062,1402,1742,1962,401,561,961,1101,0,0,0,
12,0.151388888888889,8,20.3454545454545,0.0213794512153605,0.0247384985652134,,,0,0,0,,141,521,861,1201,1601,1821,2081,2341,382,682,802,1022,0,0,0,
12,0.319166666666667,9,21.6484848484848,0.0642702908675219,0.0891021233078991,,,0,0.111111111111111,0.0529100529100529,,362,482,862,1222,1562,1682,1882,2142,142,462,742,1022,0,0,0,
12,0.293055555555556,9,25.3757575757576,0.067269887434696,0.0522530117295458,,,0,0,0,,141,501,741,901,1261,1421,1641,1781,142,442,582,702,0,0,0,
12,0.410555555555556,11,25.5930555555556,0.060888913008086,0.0438524071195549,,,0,0.0909090909090909,0.0304108702685215,,182,302,442,682,902,1102,1262,1522,221,581,821,1121,0,0,0,
12,0.336944444444444,10,24.1893939393939,0.0457841997453358,0.0487767948056759,,,0,0,0,,362,662,842,1222,1362,1502,1762,1962,122,282,402,562,0,0,0,
12,0.14,9,20.6986111111111,0.00778366771790915,0.0092605449103644,,,0,0.111111111111111,0.00453514739229025,,101,361,681,1021,1241,1601,1801,2121,381,641,801,1181,0,0,0,
12,0.159444444444444,9,21.5318181818182,0.00932038834951456,0.00647968156993426,,,0,0,0,,321,541,781,981,1341,1581,1961,2361,142,382,642,982,0,0,0,
12,0.349444444444444,9,21.5712121212121,0.0768731754784301,0.0864281526736404,,,0,0.111111111111111,0.0172143974960876,,382,762,1142,1242,1482,1802,2042,2422,282,402,562,922,0,0,0,
12,0.291111111111111,10,21.4416666666667,0.0513019821220365,0.076901918779175,,,0,0,0,,222,602,842,982,1362,1602,1742,2042,382,502,862,1102,0,0,0,
12,0.136944444444444,9,20.4111111111111,0.00993467610234077,0.0144404332129964,,,0,0,0,,242,502,822,1062,1402,1762,1942,2322,221,341,661,1021,0,0,0,
12,0.380277777777778,10,26.5555555555556,0.0499476987447699,0.040618236556865,,,0,0.1,0.0344195519348268,,182,482,622,782,1102,1222,1502,1762,362,542,682,1022,0,0,0,
12,0.376388888888889,9,21.5333333333333,0.0753039027511196,0.0929900424485268,,,0,0,0,,382,742,1142,1262,1462,1802,1982,2182,121,401,761,981,0,0,0,
12,0.451388888888889,10,25.2075757575758,0.0873996122957629,0.0895130541339927,,,0.1,0.2,0.188095238095238,,382,562,762,1162,1262,1582,1962,2182,382,742,922,1042,0,0,0,
12,0.194166666666667,9,21.6060606060606,0.0267713495076903,0.029277581624152,,,0,0,0,,261,621,781,1101,1501,1881,1981,2321,261,601,941,1241,0,0,0,
12,0.166388888888889,9,20.6681818181818,0.0188781378983693,0.0211912035016728,,,0,0,0,,362,682,962,1262,1662,1762,2082,2462,402,702,1062,1302,0,0,0,
12,0.261944444444444,9,23.819696969697,0.0288053893954353,0.031989570798235,,,0,0.222222222222222,0.0954861111111109,,362,602,802,962,1282,1582,1902,2102,382,762,1122,1482,0,0,0,
12,0.371388888888889,11,23.4152777777778,0.0880242007236491,0.0814279983955072,,,0,0,0,,301,621,901,1001,1221,1401,1661,1781,361,641,1021,1261,0,0,0,
12,0.190555555555556,8,20.5242424242424,0.027514295324588,0.0351159069570622,,,0,0,0,,221,621,901,1181,1541,1861,2061,2281,121,341,741,921,0,0,0,
12,0.341944444444444,9,21.8986111111111,0.0631699118411873,0.0828606912541933,,,0,0.222222222222222,0.00241545893719807,,281,521,801,1181,1341,1621,1761,2001,101,361,481,841,0,0,0,
12,0.329166666666667,11,23.4375,0.0458074074074074,0.0396656492324365,,,0,0.0909090909090909,0.00943864878291108,,181,381,661,781,981,1201,1341,1601,322,422,742,1022,0,0,0,
